project_id,deployment_id,placename,longitude,latitude,start_date,end_date,bait_type,bait_description,feature_type,feature_type_methodology,camera_id,camera_name,quiet_period,camera_functioning,sensor_height,height_other,sensor_orientation,orientation_other,plot_treatment,plot_treatment_description,detection_distance,subproject_name,subproject_design,event_name,event_description,event_type,recorded_by
2004409,S03_T04_2023,S03_T04,151.7405333,-32.24297167,2023-07-24 00:00:00,2023-07-27 00:00:00,Other,Universal mammal bait,None,,2085479,S03_T04,0,Camera Functioning,Knee height,,Parallel,,,,,Site_03,,,,,
2004409,S05_T16_2023,S05_T16,151.7515,-32.24640833,2023-07-24 00:00:00,2023-07-27 00:00:00,Other,Universal mammal bait,None,,2085509,S05_T16,0,Camera Functioning,Knee height,,Parallel,,,,,Site_05,,,,,
2004409,S03_T10_2023,S03_T10,151.7401233,-32.24303167,2023-07-24 00:00:00,2023-07-27 00:00:00,Other,Universal mammal bait,None,,2085482,S03_T10,0,Camera Functioning,Knee height,,Parallel,,,,,Site_03,,,,,
2004409,S05_T24_2023,S05_T24,151.7508067,-32.24637333,2023-07-24 00:00:00,2023-07-27 00:00:00,Other,Universal mammal bait,None,,2085513,S05_T24,0,Camera Functioning,Knee height,,Parallel,,,,,Site_05,,,,,
2004409,S04_T08_2023,S04_T08,151.7457,-32.2441,2023-07-24 00:00:00,2023-07-27 00:00:00,Other,Universal mammal bait,None,,2085493,S04_T08,0,Camera Functioning,Knee height,,Parallel,,,,,Site_04,,,,,
2004409,S02_T10_2023,S02_T10,151.7383633,-32.241185,2023-07-24 00:00:00,2023-07-27 00:00:00,Other,Universal mammal bait,None,,2085471,S02_T10,0,Camera Functioning,Knee height,,Parallel,,,,,Site_02,,,,,
2004409,S05_T18_2023,S05_T18,151.75131,-32.24646167,2023-07-24 00:00:00,2023-07-27 00:00:00,Other,Universal mammal bait,None,,2085510,S05_T18,0,Camera Functioning,Knee height,,Parallel,,,,,Site_05,,,,,
2004409,S05_T02_2023,S05_T02,151.7509017,-32.24677667,2023-07-24 00:00:00,2023-07-27 00:00:00,Other,Universal mammal bait,None,,2085502,S05_T02,0,Camera Functioning,Knee height,,Parallel,,,,,Site_05,,,,,
2004409,S03_T06_2023,S03_T06,151.74042,-32.24286833,2023-07-24 00:00:00,2023-07-27 00:00:00,Other,Universal mammal bait,None,,2085480,S03_T06,0,Camera Functioning,Knee height,,Parallel,,,,,Site_03,,,,,
2004409,S02_T06_2023,S02_T06,151.738855,-32.24098833,2023-07-24 00:00:00,2023-07-27 00:00:00,Other,Universal mammal bait,None,,2085470,S02_T06,0,Camera Functioning,Knee height,,Parallel,,,,,Site_02,,,,,
2004409,S04_T04_2023,S04_T04,151.7455,-32.2442,2023-07-24 00:00:00,2023-07-27 00:00:00,Other,Universal mammal bait,None,,2085491,S04_T04,0,Camera Functioning,Knee height,,Parallel,,,,,Site_04,,,,,
2004409,S04_T22_2023,S04_T22,151.7455,-32.2445,2023-07-24 00:00:00,2023-07-27 00:00:00,Other,Universal mammal bait,None,,2085500,S04_T22,0,Camera Functioning,Knee height,,Parallel,,,,,Site_04,,,,,
2004409,S05_T22_2023,S05_T22,151.7509833,-32.24643667,2023-07-24 00:00:00,2023-07-27 00:00:00,Other,Universal mammal bait,None,,2085512,S05_T22,0,Camera Functioning,Knee height,,Parallel,,,,,Site_05,,,,,
2004409,S03_T18_2023,S03_T18,151.74005,-32.24221667,2023-07-24 00:00:00,2023-07-27 00:00:00,Other,Universal mammal bait,None,,2085486,S03_T18,0,Camera Functioning,Knee height,,Parallel,,,,,Site_03,,,,,
2004409,S01_T06_2023,S01_T06,151.7344333,-32.23856667,2023-07-24 00:00:00,2023-07-27 00:00:00,Other,Universal mammal bait,None,,2085459,S01_T06,0,Camera Functioning,Knee height,,Parallel,,,,,Site_01,,,,,
2004409,S05_T14_2023,S05_T14,151.7513533,-32.24630167,2023-07-24 00:00:00,2023-07-27 00:00:00,Other,Universal mammal bait,None,,2085508,S05_T14,0,Camera Functioning,Knee height,,Parallel,,,,,Site_05,,,,,
2004409,S04_T06_2023,S04_T06,151.7456,-32.2442,2023-07-24 00:00:00,2023-07-27 00:00:00,Other,Universal mammal bait,None,,2085492,S04_T06,0,Camera Functioning,Knee height,,Parallel,,,,,Site_04,,,,,
2004409,S01_T04_2023,S01_T04,151.7345333,-32.23855,2023-07-24 00:00:00,2023-07-27 00:00:00,Other,Universal mammal bait,None,,2085458,S01_T04,0,Camera Functioning,Knee height,,Parallel,,,,,Site_01,,,,,
2004409,S02_T22_2023,S02_T22,151.7393833,-32.23995,2023-07-24 00:00:00,2023-07-27 00:00:00,Other,Universal mammal bait,None,,2085476,S02_T22,0,Camera Functioning,Knee height,,Parallel,,,,,Site_02,,,,,
2004409,S01_T18_2023,S01_T18,151.733905,-32.23817667,2023-07-24 00:00:00,2023-07-27 00:00:00,Other,Universal mammal bait,None,,2085465,S01_T18,0,Camera Functioning,Knee height,,Parallel,,,,,Site_01,,,,,
2004409,S03_T12_2023,S03_T12,151.74,-32.24316667,2023-07-24 00:00:00,2023-07-27 00:00:00,Other,Universal mammal bait,None,,2085483,S03_T12,0,Camera Functioning,Knee height,,Parallel,,,,,Site_03,,,,,
2004409,S01_T16_2023,S01_T16,151.7336867,-32.23834667,2023-07-24 00:00:00,2023-07-27 00:00:00,Other,Universal mammal bait,None,,2085464,S01_T16,0,Camera Functioning,Knee height,,Parallel,,,,,Site_01,,,,,
2004409,S01_T02_2023,S01_T02,151.7346333,-32.2382,2023-07-24 00:00:00,2023-07-27 00:00:00,Other,Universal mammal bait,None,,2085457,S01_T02,0,Camera Functioning,Knee height,,Parallel,,,,,Site_01,,,,,
2004409,S01_T22_2023,S01_T22,151.7341183,-32.23797833,2023-07-24 00:00:00,2023-07-27 00:00:00,Other,Universal mammal bait,None,,2085467,S01_T22,0,Camera Functioning,Knee height,,Parallel,,,,,Site_01,,,,,
2004409,S01_T20_2023,S01_T20,151.7339883,-32.23798667,2023-07-24 00:00:00,2023-07-27 00:00:00,Other,Universal mammal bait,None,,2085466,S01_T20,0,Camera Functioning,Knee height,,Parallel,,,,,Site_01,,,,,
2004409,S05_T08_2023,S05_T08,151.7513983,-32.246685,2023-07-24 00:00:00,2023-07-27 00:00:00,Other,Universal mammal bait,None,,2085505,S05_T08,0,Camera Functioning,Knee height,,Parallel,,,,,Site_05,,,,,
2004409,S02_T14_2023,S02_T14,151.7387333,-32.2405,2023-07-24 00:00:00,2023-07-27 00:00:00,Other,Universal mammal bait,None,,2085473,S02_T14,0,Camera Functioning,Knee height,,Parallel,,,,,Site_02,,,,,
2004409,S01_T14_2023,S01_T14,151.733535,-32.23854833,2023-07-24 00:00:00,2023-07-27 00:00:00,Other,Universal mammal bait,None,,2085463,S01_T14,0,Camera Functioning,Knee height,,Parallel,,,,,Site_01,,,,,
2004409,S04_T02_2023,S04_T02,151.7452,-32.2443,2023-07-24 00:00:00,2023-07-27 00:00:00,Other,Universal mammal bait,None,,2085490,S04_T02,0,Camera Functioning,Knee height,,Parallel,,,,,Site_04,,,,,
2004409,S05_T06_2023,S05_T06,151.7513317,-32.24667833,2023-07-24 00:00:00,2023-07-27 00:00:00,Other,Universal mammal bait,None,,2085504,S05_T06,0,Camera Functioning,Knee height,,Parallel,,,,,Site_05,,,,,
2004409,S01_T10_2023,S01_T10,151.7345,-32.23898333,2023-07-24 00:00:00,2023-07-27 00:00:00,Other,Universal mammal bait,None,,2085461,S01_T10,0,Camera Functioning,Knee height,,Parallel,,,,,Site_01,,,,,
2004409,S04_T14_2023,S04_T14,151.7462,-32.2443,2023-07-24 00:00:00,2023-07-27 00:00:00,Other,Universal mammal bait,None,,2085496,S04_T14,0,Camera Functioning,Knee height,,Parallel,,,,,Site_04,,,,,
2004409,S05_T10_2023,S05_T10,151.751655,-32.24666167,2023-07-24 00:00:00,2023-07-27 00:00:00,Other,Universal mammal bait,None,,2085506,S05_T10,0,Camera Functioning,Knee height,,Parallel,,,,,Site_05,,,,,
2004409,S04_T12_2023,S04_T12,151.7458,-32.2437,2023-07-24 00:00:00,2023-07-27 00:00:00,Other,Universal mammal bait,None,,2085495,S04_T12,0,Camera Functioning,Knee height,,Parallel,,,,,Site_04,,,,,
2004409,S03_T16_2023,S03_T16,151.7399,-32.24238333,2023-07-24 00:00:00,2023-07-27 00:00:00,Other,Universal mammal bait,None,,2085485,S03_T16,0,Camera Functioning,Knee height,,Parallel,,,,,Site_03,,,,,
2004409,S01_T12_2023,S01_T12,151.7345833,-32.23945,2023-07-24 00:00:00,2023-07-27 00:00:00,Other,Universal mammal bait,None,,2085462,S01_T12,0,Camera Functioning,Knee height,,Parallel,,,,,Site_01,,,,,
2004409,S02_T16_2023,S02_T16,151.7388683,-32.24040167,2023-07-24 00:00:00,2023-07-27 00:00:00,Other,Universal mammal bait,None,,2085474,S02_T16,0,Camera Functioning,Knee height,,Parallel,,,,,Site_02,,,,,
2004409,S03_T22_2023,S03_T22,151.7404167,-32.24188333,2023-07-24 00:00:00,2023-07-27 00:00:00,Other,Universal mammal bait,None,,2085488,S03_T22,0,Camera Functioning,Knee height,,Parallel,,,,,Site_03,,,,,
2004409,S04_T10_2023,S04_T10,151.7458,-32.2441,2023-07-24 00:00:00,2023-07-27 00:00:00,Other,Universal mammal bait,None,,2085494,S04_T10,0,Camera Functioning,Knee height,,Parallel,,,,,Site_04,,,,,
2004409,S03_T20_2023,S03_T20,151.7401333,-32.24205,2023-07-24 00:00:00,2023-07-27 00:00:00,Other,Universal mammal bait,None,,2085487,S03_T20,0,Camera Functioning,Knee height,,Parallel,,,,,Site_03,,,,,
2004409,S05_T20_2023,S05_T20,151.751165,-32.24647167,2023-07-24 00:00:00,2023-07-27 00:00:00,Other,Universal mammal bait,None,,2085511,S05_T20,0,Camera Functioning,Knee height,,Parallel,,,,,Site_05,,,,,
2004409,S03_T02_2023,S03_T02,151.7407367,-32.243005,2023-07-24 00:00:00,2023-07-27 00:00:00,Other,Universal mammal bait,None,,2085478,S03_T02,0,Camera Functioning,Knee height,,Parallel,,,,,Site_03,,,,,
2004409,S04_T18_2023,S04_T18,151.7459,-32.2443,2023-07-24 00:00:00,2023-07-27 00:00:00,Other,Universal mammal bait,None,,2085498,S04_T18,0,Camera Functioning,Knee height,,Parallel,,,,,Site_04,,,,,
2004409,S04_T20_2023,S04_T20,151.7457,-32.2444,2023-07-24 00:00:00,2023-07-27 00:00:00,Other,Universal mammal bait,None,,2085499,S04_T20,0,Camera Functioning,Knee height,,Parallel,,,,,Site_04,,,,,
2004409,S01_T24_2023,S01_T24,151.7342633,-32.23801167,2023-07-24 00:00:00,2023-07-27 00:00:00,Other,Universal mammal bait,None,,2085468,S01_T24,0,Camera Functioning,Knee height,,Parallel,,,,,Site_01,,,,,
2004409,S04_T16_2023,S04_T16,151.746,-32.2443,2023-07-24 00:00:00,2023-07-27 00:00:00,Other,Universal mammal bait,None,,2085497,S04_T16,0,Camera Functioning,Knee height,,Parallel,,,,,Site_04,,,,,
2004409,S03_T14_2023,S03_T14,151.7398167,-32.24246667,2023-07-24 00:00:00,2023-07-27 00:00:00,Other,Universal mammal bait,None,,2085484,S03_T14,0,Camera Functioning,Knee height,,Parallel,,,,,Site_03,,,,,
2004409,S02_T02_2023,S02_T02,151.7393117,-32.24083333,2023-07-24 00:00:00,2023-07-27 00:00:00,Other,Universal mammal bait,None,,2085469,S02_T02,0,Camera Functioning,Knee height,,Parallel,,,,,Site_02,,,,,
2004409,S01_T08_2023,S01_T08,151.7343167,-32.23871667,2023-07-24 00:00:00,2023-07-27 00:00:00,Other,Universal mammal bait,None,,2085460,S01_T08,0,Camera Functioning,Knee height,,Parallel,,,,,Site_01,,,,,
2004409,S03_T24_2023,S03_T24,151.7406167,-32.24191667,2023-07-24 00:00:00,2023-07-27 00:00:00,Other,Universal mammal bait,None,,2085489,S03_T24,0,Camera Functioning,Knee height,,Parallel,,,,,Site_03,,,,,
2004409,S05_T04_2023,S05_T04,151.751105,-32.24666667,2023-07-24 00:00:00,2023-07-27 00:00:00,Other,Universal mammal bait,None,,2085503,S05_T04,0,Camera Functioning,Knee height,,Parallel,,,,,Site_05,,,,,
2004409,S04_T24_2023,S04_T24,151.7454,-32.2445,2023-07-24 00:00:00,2023-07-27 00:00:00,Other,Universal mammal bait,None,,2085501,S04_T24,0,Camera Functioning,Knee height,,Parallel,,,,,Site_04,,,,,
2004409,S02_T24_2023,S02_T24,151.7400333,-32.24046667,2023-07-24 00:00:00,2023-07-27 00:00:00,Other,Universal mammal bait,None,,2085477,S02_T24,0,Camera Functioning,Knee height,,Parallel,,,,,Site_02,,,,,
2004409,S03_T08_2023,S03_T08,151.7402583,-32.24302333,2023-07-24 00:00:00,2023-07-27 00:00:00,Other,Universal mammal bait,None,,2085481,S03_T08,0,Camera Functioning,Knee height,,Parallel,,,,,Site_03,,,,,
2004409,S02_T20_2023,S02_T20,151.73935,-32.24015,2023-07-24 00:00:00,2023-07-27 00:00:00,Other,Universal mammal bait,None,,2085475,S02_T20,0,Camera Functioning,Knee height,,Parallel,,,,,Site_02,,,,,
2004409,S02_T12_2023,S02_T12,151.7380767,-32.24136833,2023-07-24 00:00:00,2023-07-27 00:00:00,Other,Universal mammal bait,None,,2085472,S02_T12,0,Camera Functioning,Knee height,,Parallel,,,,,Site_02,,,,,
2004409,S05_T12_2023,S05_T12,151.7517167,-32.24657667,2023-07-24 00:00:00,2023-07-27 00:00:00,Other,Universal mammal bait,None,,2085507,S05_T12,0,Camera Functioning,Knee height,,Parallel,,,,,Site_05,,,,,