"unique_file","site","trap_location","camera_type","date","time","species","id_certainty_1_3","animal_behaviour_in_view","comments","CamId","DateTime","DateTimeOriginal","delta.time.secs","delta.time.mins","delta.time.hours","delta.time.days","n_images"
"IMG_0037",1,"22","Reconyx","25/07/2022","1:00:00","",NA,"Sunlight trigger","","1_22","25/07/2022 1:00:00","2022-07-25 01:00:00",0,0,0,0,1
"IMG_0001",1,"Cage","Scoutguard","25/07/2022","9:50:12","",NA,"People moving past","","1_Cage","25/07/2022 9:50:12","2022-07-25 09:50:12",0,0,0,0,1
"IMG_0016",1,"Cage","Scoutguard","25/07/2022","9:58:45","",NA,"People moving past","","1_Cage","25/07/2022 9:58:45","2022-07-25 09:58:45",513,8.6,0.1,0,1
"IMG_0018",1,"Cage","Scoutguard","25/07/2022","10:13:21","",NA,"People moving past","","1_Cage","25/07/2022 10:13:21","2022-07-25 10:13:21",876,14.6,0.2,0,1
"IMG_0020",1,"Cage","Scoutguard","25/07/2022","10:21:27","",NA,"People moving past","","1_Cage","25/07/2022 10:21:27","2022-07-25 10:21:27",486,8.1,0.1,0,2
"IMG_0001 ",1,"22","Reconyx","25/07/2022","10:58:40","",NA,"People moving past","Folder 100RECNX","1_22","25/07/2022 10:58:40","2022-07-25 10:58:40",35920,598.7,10,0.4,20
"IMG_0021",1,"22","Reconyx","25/07/2022","11:03:40","",NA,"Vegetation","","1_22","25/07/2022 11:03:40","2022-07-25 11:03:40",300,5,0.1,0,16
"IMG_001",1,"6","Reconyx","25/07/2022","11:16:34","",NA,"People moving past","","1_6","25/07/2022 11:16:34","2022-07-25 11:16:34",0,0,0,0,6
"IMG_0001 ",1,"18","Reconyx","25/07/2022","11:44:45","",NA,"People setting up trap","","1_18","25/07/2022 11:44:45","2022-07-25 11:44:45",0,0,0,0,15
"IMG_0001 ",1,"15","Reconyx","25/07/2022","13:00:00","",NA,"N/A","False trigger","1_15","25/07/2022 13:00:00","2022-07-25 13:00:00",0,0,0,0,1
"IMG_0001",1,"3","Reconyx","25/07/2022","13:00:00","",NA,"People setting up trap","Folder 100RECNX","1_3","25/07/2022 13:00:00","2022-07-25 13:00:00",0,0,0,0,1
"IMG_0038",1,"22","Reconyx","25/07/2022","13:50:29","",NA,"People moving past","","1_22","25/07/2022 13:50:29","2022-07-25 13:50:29",10009,166.8,2.8,0.1,6
"IMG_0007",1,"3","Reconyx","25/07/2022","13:51:19","",NA,"People setting up trap","Folder 100RECNX","1_3","25/07/2022 13:51:19","2022-07-25 13:51:19",3079,51.3,0.9,0,1
"IMG_0001 ",1,"9","Reconyx","25/07/2022","14:00:00","",NA,"Sunlight trigger","","1_9","25/07/2022 14:00:00","2022-07-25 14:00:00",0,0,0,0,1
"IMG_007",1,"6","Reconyx","25/07/2022","14:00:00","",NA,"Vegetation","","1_6","25/07/2022 14:00:00","2022-07-25 14:00:00",9806,163.4,2.7,0.1,1
"IMG_0036",1,"Cage","Scoutguard","26/07/2022","9:14:55","",NA,"People moving past","","1_Cage","26/07/2022 9:14:55","2022-07-26 09:14:55",82408,1373.5,22.9,1,1
"IMG_008",1,"6","Reconyx","26/07/2022","9:44:03","",NA,"People checking trap","","1_6","26/07/2022 9:44:03","2022-07-26 09:44:03",71043,1184,19.7,0.8,3
"IMG_0001 ",1,"22","Reconyx","26/07/2022","9:44:28","",NA,"People moving past","Folder 101RECNX","1_22","26/07/2022 9:44:28","2022-07-26 09:44:28",71639,1194,19.9,0.8,2
"IMG_0005",1,"9","Reconyx","26/07/2022","9:46:44","",NA,"Person moving past","","1_9","26/07/2022 9:46:44","2022-07-26 09:46:44",71204,1186.7,19.8,0.8,6
"IMG_0016",1,"18","Reconyx","26/07/2022","9:51:23","",NA,"People moving past","","1_18","26/07/2022 9:51:23","2022-07-26 09:51:23",79598,1326.6,22.1,0.9,15
"IMG_0038",1,"15","Reconyx","26/07/2022","10:00:00","",NA,"N/A","False trigger","1_15","26/07/2022 10:00:00","2022-07-26 10:00:00",75600,1260,21,0.9,1
"IMG_0011",1,"9","Reconyx","26/07/2022","10:00:00","",NA,"False trigger","","1_9","26/07/2022 10:00:00","2022-07-26 10:00:00",796,13.3,0.2,0,1
"IMG_0049",1,"22","Reconyx","26/07/2022","10:00:00","",NA,"False trigger","","1_22","26/07/2022 10:00:00","2022-07-26 10:00:00",932,15.5,0.3,0,1
"IMG_011",1,"6","Reconyx","26/07/2022","10:00:00","",NA,"Vegetation","","1_6","26/07/2022 10:00:00","2022-07-26 10:00:00",957,15.9,0.3,0,1
"IMG_0001",1,"3","Reconyx","26/07/2022","10:00:00","",NA,"False trigger","Folder 102RECNX","1_3","26/07/2022 10:00:00","2022-07-26 10:00:00",72521,1208.7,20.1,0.8,1
"IMG_0045",1,"15","Reconyx","26/07/2022","13:00:00","",NA,"N/A","False trigger","1_15","26/07/2022 13:00:00","2022-07-26 13:00:00",10800,180,3,0.1,1
"IMG_0050",1,"22","Reconyx","26/07/2022","13:00:00","",NA,"False trigger","","1_22","26/07/2022 13:00:00","2022-07-26 13:00:00",10800,180,3,0.1,1
"IMG_0002",1,"3","Reconyx","26/07/2022","13:00:00","",NA,"False trigger","Folder 102RECNX","1_3","26/07/2022 13:00:00","2022-07-26 13:00:00",10800,180,3,0.1,1
"IMG_0045",1,"Cage","Scoutguard","26/07/2022","13:16:00","",NA,"People moving past","","1_Cage","26/07/2022 13:16:00","2022-07-26 13:16:00",14465,241.1,4,0.2,1
"IMG_0051",1,"22","Reconyx","26/07/2022","13:38:33","",NA,"Vegetation","","1_22","26/07/2022 13:38:33","2022-07-26 13:38:33",2313,38.5,0.6,0,3
"IMG_0054",1,"22","Reconyx","26/07/2022","13:47:55","",NA,"Vegetation","","1_22","26/07/2022 13:47:55","2022-07-26 13:47:55",562,9.4,0.2,0,3
"IMG_0012",1,"9","Reconyx","26/07/2022","14:00:00","",NA,"False trigger","","1_9","26/07/2022 14:00:00","2022-07-26 14:00:00",14400,240,4,0.2,1
"IMG_012",1,"6","Reconyx","26/07/2022","14:00:00","",NA,"Vegetation","","1_6","26/07/2022 14:00:00","2022-07-26 14:00:00",14400,240,4,0.2,1
"IMG_0092",1,"Cage","Scoutguard","27/07/2022","9:04:40","",NA,"People removing trap","","1_Cage","27/07/2022 9:04:40","2022-07-27 09:04:40",71320,1188.7,19.8,0.8,1
"IMG_0057",1,"22","Reconyx","27/07/2022","9:32:03","",NA,"People moving past","","1_22","27/07/2022 9:32:03","2022-07-27 09:32:03",71048,1184.1,19.7,0.8,2
"IMG_0031",1,"18","Reconyx","27/07/2022","9:40:25","",NA,"People removing trap","","1_18","27/07/2022 9:40:25","2022-07-27 09:40:25",85742,1429,23.8,1,6
"IMG_013",1,"6","Reconyx","27/07/2022","10:00:00","",NA,"False trigger","","1_6","27/07/2022 10:00:00","2022-07-27 10:00:00",72000,1200,20,0.8,1
"IMG_0003",1,"3","Reconyx","27/07/2022","10:00:00","",NA,"People moving past","Folder 102RECNX","1_3","27/07/2022 10:00:00","2022-07-27 10:00:00",75600,1260,21,0.9,1
"IMG_0128",1,"3","Reconyx","27/07/2022","15:24:33","",NA,"People moving past","Folder 102RECNX","1_3","27/07/2022 15:24:33","2022-07-27 15:24:33",19473,324.6,5.4,0.2,1
"IMG_0015",1,"3","Reconyx","24/07/2018","3:33:00","Antechinus stuartii",2,"Walking on log above trap","Trap at bottom of image, animal observed on log above trap","1_3","24/07/2018 3:33:00","2018-07-24 03:33:00",0,0,0,0,1
"IMG_0075",1,"3","Reconyx","25/07/2018","5:07:00","Antechinus stuartii",2,"Walking on log above trap","Right of image","1_3","25/07/2018 5:07:00","2018-07-25 05:07:00",92040,1534,25.6,1.1,1
"IMG_0082",1,"3","Reconyx","26/07/2018","5:01:00","Antechinus stuartii",1,"Observed jumping down from log","Bottom right of image","1_3","26/07/2018 5:01:00","2018-07-26 05:01:00",86040,1434,23.9,1,1
"IMG_0455",1,"3","Reconyx","27/07/2018","4:08:00","Antechinus stuartii",2,"Sitting on log above trap","","1_3","27/07/2018 4:08:00","2018-07-27 04:08:00",83220,1387,23.1,1,1
"IMAG0041",1,"9","Scoutguard","29/07/2019","18:56:00","Antechinus stuartii",1,"Walks into trap","Only butt view","1_9","29/07/2019 18:56:00","2019-07-29 18:56:00",0,0,0,0,1
"IMAG0022",1,"6","Scoutguard","30/07/2019","2:15:00","Antechinus stuartii",3,"Sitting on log above trap foraging","","1_6","30/07/2019 2:15:00","2019-07-30 02:15:00",0,0,0,0,1
"IMAG0063",1,"9","Scoutguard","30/07/2019","20:46:00","Antechinus stuartii",3,"Walking aross ground","","1_9","30/07/2019 20:46:00","2019-07-30 20:46:00",93000,1550,25.8,1.1,1
"IMAG0060",1,"6","Scoutguard","31/07/2019","4:31:00","Antechinus stuartii",2,"Running through site","","1_6","31/07/2019 4:31:00","2019-07-31 04:31:00",94560,1576,26.3,1.1,1
"IMAG0050",1,"14","Scoutguard","31/07/2019","21:08:22","Antechinus stuartii",3,"Walking across log leading to trap","","1_14","31/07/2019 21:08:22","2019-07-31 21:08:22",0,0,0,0,1
"IMAG0022",1,"22","Scoutguard","31/07/2019","23:42:05","Antechinus stuartii",3,"Walks into trap","","1_22","31/07/2019 23:42:05","2019-07-31 23:42:05",0,0,0,0,1
"IMAG0033",1,"22","Scoutguard","1/08/2019","3:28:05","Antechinus stuartii",3,"Perched on tree next to trap","","1_22","1/08/2019 3:28:05","2019-08-01 03:28:05",13560,226,3.8,0.2,1
"IMG_0005",1,"15","Reconyx","25/07/2022","19:12:06","Antechinus stuartii",3,"On top of trap on hind legs","","1_15","25/07/2022 19:12:06","2022-07-25 19:12:06",0,0,0,0,3
"IMG_0035",1,"15","Reconyx","26/07/2022","5:32:42","Antechinus stuartii",3,"Climbing down tree to trap","","1_15","26/07/2022 5:32:42","2022-07-26 05:32:42",37236,620.6,10.3,0.4,3
"IMG_0052",1,"15","Reconyx","26/07/2022","22:17:02","Antechinus stuartii",2,"On branch near trap, investigating trap","","1_15","26/07/2022 22:17:02","2022-07-26 22:17:02",60260,1004.3,16.7,0.7,3
"IMG_0009",1,"Cage","Scoutguard","24/07/2018","15:00:00","Eopsaltria australis",1,"Perched on branch","Trap only partially in view","1_Cage","24/07/2018 15:00:00","2018-07-24 15:00:00",0,0,0,0,1
"IMG_0010",1,"Cage","Scoutguard","24/07/2018","16:30:00","Eopsaltria australis",1,"Perched on branch","Trap only partially in view","1_Cage","24/07/2018 16:30:00","2018-07-24 16:30:00",5400,90,1.5,0.1,1
"IMG_0012",1,"Cage","Scoutguard","25/07/2018","10:28:00","Eopsaltria australis",1,"Perched on branch","Trap not in view","1_Cage","25/07/2018 10:28:00","2018-07-25 10:28:00",64680,1078,18,0.8,1
"IMAG0035",1,"9","Scoutguard","29/07/2019","16:59:00","Eopsaltria australis",1,"Moving along ground","","1_9","29/07/2019 16:59:00","2019-07-29 16:59:00",0,0,0,0,1
"IMAG0081",1,"9","Scoutguard","31/07/2019","9:36:00","Eopsaltria australis",1,"Walking across ground past trap","","1_9","31/07/2019 9:36:00","2019-07-31 09:36:00",146220,2437,40.6,1.7,1
"IMAG0150",1,"6","Scoutguard","31/07/2019","19:10:00","Felis catus",3,"Investigated the closed trap","","1_6","31/07/2019 19:10:00","2019-07-31 19:10:00",0,0,0,0,1
"IMG_0011",1,"Cage","Scoutguard","25/07/2018","2:59:00","Phascolarctos cinereus",3,"Walking on ground","Trap not in view","1_Cage","25/07/2018 2:59:00","2018-07-25 02:59:00",0,0,0,0,1
"IMG_0002",1,"15","Reconyx","25/07/2022","16:38:18","Psophodes olivaceus",2,"Perched on branch looking at camera","","1_15","25/07/2022 16:38:18","2022-07-25 16:38:18",0,0,0,0,3
"IMG_0013",1,"Cage","Scoutguard","25/07/2018","15:14:00","Ptilonorhynchus violaceus",2,"Moving on ground","Trap not in view","1_Cage","25/07/2018 15:14:00","2018-07-25 15:14:00",0,0,0,0,1
"IMAG0069",1,"9","Scoutguard","31/07/2019","5:30:00","Rattus fuscipes",3,"Walking aross ground past trap","","1_9","31/07/2019 5:30:00","2019-07-31 05:30:00",0,0,0,0,1
"IMAG0082",1,"9","Scoutguard","31/07/2019","19:06:00","Rattus fuscipes",3,"Foraging around trap","","1_9","31/07/2019 19:06:00","2019-07-31 19:06:00",48960,816,13.6,0.6,1
"IMG_0034",1,"Cage","Scoutguard","25/07/2022","1:16:16","Rattus fuscipes",3,"Vegetation movement ","","1_Cage","25/07/2022 1:16:16","2022-07-25 01:16:16",0,0,0,0,1
"IMG_0026",1,"Cage","Scoutguard","25/07/2022","19:39:56","Rattus fuscipes",3,"","","1_Cage","25/07/2022 19:39:56","2022-07-25 19:39:56",66220,1103.7,18.4,0.8,2
"IMG_0030",1,"Cage","Scoutguard","25/07/2022","19:47:45","Rattus fuscipes",3,"","","1_Cage","25/07/2022 19:47:45","2022-07-25 19:47:45",469,7.8,0.1,0,2
"IMG_0008",1,"15","Reconyx","25/07/2022","23:24:27","Rattus fuscipes",2,"On ground next to trap","Eyes visible, ID based on subsequent images","1_15","25/07/2022 23:24:27","2022-07-25 23:24:27",0,0,0,0,21
"IMG_0029",1,"15","Reconyx","26/07/2022","2:59:05","Rattus fuscipes",2,"Pulling on plastic bag","","1_15","26/07/2022 2:59:05","2022-07-26 02:59:05",12878,214.6,3.6,0.1,6
"IMG_0046",1,"Cage","Scoutguard","26/07/2022","18:21:38","Rattus fuscipes",3,"Enters trap and jumps out ","","1_Cage","26/07/2022 18:21:38","2022-07-26 18:21:38",81233,1353.9,22.6,0.9,1
"IMG_0046",1,"15","Reconyx","26/07/2022","19:58:02","Rattus fuscipes",2,"Sitting next to trap","","1_15","26/07/2022 19:58:02","2022-07-26 19:58:02",61137,1019,17,0.7,6
"IMG_0047",1,"Cage","Scoutguard","26/07/2022","23:06:21","Rattus fuscipes",3,"","","1_Cage","26/07/2022 23:06:21","2022-07-26 23:06:21",17083,284.7,4.7,0.2,1
"IMG_0055",1,"15","Reconyx","26/07/2022","23:34:47","Rattus fuscipes",2,"Walking behind trap","","1_15","26/07/2022 23:34:47","2022-07-26 23:34:47",13005,216.8,3.6,0.1,6
"IMG_0091",1,"Cage","Scoutguard","27/07/2022","4:47:41","Rattus fuscipes",3,"Stayed towards back of cage for a while - minimal movement ","","1_Cage","27/07/2022 4:47:41","2022-07-27 04:47:41",20480,341.3,5.7,0.2,1
"IMAG0016",1,"6","Scoutguard","29/07/2019","13:45:00","Unknown bird",3,"Sitting on log near trap","","1_6","29/07/2019 13:45:00","2019-07-29 13:45:00",0,0,0,0,1
"IMG_0002",1,"9","Reconyx","25/07/2022","14:09:25","Unknown bird",1,"Jumping across logs","Wren-like ","1_9","25/07/2022 14:09:25","2022-07-25 14:09:25",0,0,0,0,3
"IMG_0024",1,"Cage","Scoutguard","25/07/2022","10:40:37","Unknown insects",NA,"","","1_Cage","25/07/2022 10:40:37","2022-07-25 10:40:37",0,0,0,0,1
"IMG_0042",2,"18","RECONYX","25/07/2022","2:46:31","",0,"0","view of student","2_18","25/07/2022 2:46:31","2022-07-25 02:46:31",0,0,0,0,1
"IMG_0001",2,"18","RECONYX","25/07/2022","2:59:37","",0,"0","view of student","2_18","25/07/2022 2:59:37","2022-07-25 02:59:37",786,13.1,0.2,0,1
"IMG_0111",2,"18","RECONYX","25/07/2022","3:29:48","",0,"0","view of student","2_18","25/07/2022 3:29:48","2022-07-25 03:29:48",1811,30.2,0.5,0,1
"IMG_0534",2,"22","RECONYX","25/07/2022","9:23:23","",0,"0","view of student","2_22","25/07/2022 9:23:23","2022-07-25 09:23:23",0,0,0,0,2
"IMG_0507",2,"22","RECONYX","25/07/2022","9:50:35","",0,"0","view of student","2_22","25/07/2022 9:50:35","2022-07-25 09:50:35",1632,27.2,0.5,0,1
"IMG_0001",2,"9","RECONYX","25/07/2022","11:37:17","",0,"0","view of student ","2_9","25/07/2022 11:37:17","2022-07-25 11:37:17",0,0,0,0,15
"IMG_0001",2,"3","RECONYX","25/07/2022","12:20:17","",0,"0","view of student","2_3","25/07/2022 12:20:17","2022-07-25 12:20:17",0,0,0,0,1
"IMG_0001",2,"18","RECONYX","25/07/2022","12:23:46","",0,"0","view of student","2_18","25/07/2022 12:23:46","2022-07-25 12:23:46",32038,534,8.9,0.4,1
"IMG_0001",2,"22","RECONYX","25/07/2022","12:49:43","",0,"0","view of student","2_22","25/07/2022 12:49:43","2022-07-25 12:49:43",10748,179.1,3,0.1,2
"IMAG0002",2,"Cage","Scoutguard","25/07/2022","13:57:19","",0,"0","view of student","2_Cage","25/07/2022 13:57:19","2022-07-25 13:57:19",0,0,0,0,1
"IMG_0055",2,"22","RECONYX","25/07/2022","14:00:45","",0,"0","view of student","2_22","25/07/2022 14:00:45","2022-07-25 14:00:45",4262,71,1.2,0,1
"IMG_0459",2,"22","RECONYX","25/07/2022","14:38:34","",0,"0","view of student","2_22","25/07/2022 14:38:34","2022-07-25 14:38:34",2269,37.8,0.6,0,1
"IMG_0022",2,"9","RECONYX","25/07/2022","15:40:19","",0,"0","view of student ","2_9","25/07/2022 15:40:19","2022-07-25 15:40:19",14582,243,4,0.2,1
"IMG_0186",2,"3","RECONYX","25/07/2022","16:00:33","",0,"0","view of student","2_3","25/07/2022 16:00:33","2022-07-25 16:00:33",13216,220.3,3.7,0.2,1
"IMAG0007",2,"Cage","Scoutguard","25/07/2022","16:02:11","",0,"0","view of student","2_Cage","25/07/2022 16:02:11","2022-07-25 16:02:11",7492,124.9,2.1,0.1,1
"IMAG0009",2,"Cage","Scoutguard","26/07/2022","2:36:00","",0,"0","vegetation trigger","2_Cage","26/07/2022 2:36:00","2022-07-26 02:36:00",38029,633.8,10.6,0.4,1
"IMG_0406",2,"6","RECONYX","26/07/2022","9:21:02","",0,"0","view of student","2_6","26/07/2022 9:21:02","2022-07-26 09:21:02",0,0,0,0,3
"IMAG0008",2,"Cage","Scoutguard","26/07/2022","9:31:02","",0,"0","view of student","2_Cage","26/07/2022 9:31:02","2022-07-26 09:31:02",24902,415,6.9,0.3,1
"IMG_0112",2,"18","RECONYX","26/07/2022","9:50:53","",0,"0","view of student","2_18","26/07/2022 9:50:53","2022-07-26 09:50:53",77227,1287.1,21.5,0.9,1
"IMG_0453",2,"9","RECONYX","26/07/2022","10:59:39","",0,"0","view of student ","2_9","26/07/2022 10:59:39","2022-07-26 10:59:39",69560,1159.3,19.3,0.8,1
"IMG_0001",2,"6","RECONYX","26/07/2022","11:54:06","",0,"0","view of student","2_6","26/07/2022 11:54:06","2022-07-26 11:54:06",9184,153.1,2.6,0.1,1
"IMG_0043",2,"14","RECONYX","26/07/2022","12:26:03","",0,"0","view of student ","2_14","26/07/2022 12:26:03","2022-07-26 12:26:03",0,0,0,0,2
"IMG_0278",2,"18","RECONYX","26/07/2022","13:00:41","",0,"0","view of student","2_18","26/07/2022 13:00:41","2022-07-26 13:00:41",11388,189.8,3.2,0.1,1
"IMG_0045",2,"14","RECONYX","26/07/2022","14:00:00","",0,"0","good view of trap ","2_14","26/07/2022 14:00:00","2022-07-26 14:00:00",5637,94,1.6,0.1,1
"IMG_0399",2,"6","RECONYX","26/07/2022","14:22:49","",0,"0","view of student","2_6","26/07/2022 14:22:49","2022-07-26 14:22:49",8923,148.7,2.5,0.1,1
"IMG_0047",2,"14","RECONYX","26/07/2022","15:10:08","",0,"0","view of student ","2_14","26/07/2022 15:10:08","2022-07-26 15:10:08",4208,70.1,1.2,0,6
"IMG_0053",2,"14","RECONYX","26/07/2022","15:16:13","",0,"0","view of student ","2_14","26/07/2022 15:16:13","2022-07-26 15:16:13",365,6.1,0.1,0,1
"IMG_0282",2,"3","RECONYX","26/07/2022","16:36:14","",0,"0","view of student","2_3","26/07/2022 16:36:14","2022-07-26 16:36:14",88541,1475.7,24.6,1,1
"IMAG0010",2,"Cage","Scoutguard","27/07/2022","9:06:57","",0,"0","view of student","2_Cage","27/07/2022 9:06:57","2022-07-27 09:06:57",84955,1415.9,23.6,1,1
"IMG_0283",2,"3","RECONYX","27/07/2022","9:15:28","",0,"0","view of student","2_3","27/07/2022 9:15:28","2022-07-27 09:15:28",59954,999.2,16.7,0.7,2
"IMG_0457",2,"9","RECONYX","27/07/2022","9:34:26","",0,"0","view of student ","2_9","27/07/2022 9:34:26","2022-07-27 09:34:26",81287,1354.8,22.6,0.9,1
"IMG_0750",2,"9","RECONYX","27/07/2022","9:44:00","",0,"0","blurred image ","2_9","27/07/2022 9:44:00","2022-07-27 09:44:00",574,9.6,0.2,0,1
"IMG_0279",2,"18","RECONYX","27/07/2022","9:45:33","",0,"0","view of student","2_18","27/07/2022 9:45:33","2022-07-27 09:45:33",74692,1244.9,20.7,0.9,2
"IMG_0166",2,"14","RECONYX","27/07/2022","9:57:44","",0,"0","view of student ","2_14","27/07/2022 9:57:44","2022-07-27 09:57:44",67291,1121.5,18.7,0.8,1
"IMG_0001",2,"14","RECONYX","27/07/2022","12:23:00","",0,"0","good view of trap ","2_14","27/07/2022 12:23:00","2022-07-27 12:23:00",8716,145.3,2.4,0.1,4
"IMG_0002",2,"14","RECONYX","27/07/2022","13:23:00","",0,"0","good view of trap ","2_14","27/07/2022 13:23:00","2022-07-27 13:23:00",3600,60,1,0,1
"IMG_0454",2,"9","RECONYX","26/07/2022","21:12:41","Antechinus stuartii",2,"running nearby to trap ","tail obscured so difficult to identify ","2_9","26/07/2022 21:12:41","2022-07-26 21:12:41",0,0,0,0,3
"IMG_0403",2,"6","RECONYX","26/07/2022","22:12:02","Antechinus stuartii",2,"1","next to trap","2_6","26/07/2022 22:12:02","2022-07-26 22:12:02",0,0,0,0,3
"IMAG001",2,"14","Scoutguard","30/07/2019","6:50:33","Menura novaehollandiae",2,"1","looking around","2_14","30/07/2019 6:50:33","2019-07-30 06:50:33",0,0,0,0,2
"IMAG0031",2,"3","Scoutguard","30/07/2019","3:59:38","Potorous tridactylus",1,"1","not foraging, not approaching trap; partial upper body only visible","2_3","30/07/2019 3:59:38","2019-07-30 03:59:38",0,0,0,0,2
"T",2,"3","RECONYX","26/07/2018","23:02:00","Rattus fuscipes",1,"0","Limited view of the trap, obstructed by tree","2_3","26/07/2018 23:02:00","2018-07-26 23:02:00",0,0,0,0,1
"IMG_0508",2,"22","RECONYX","25/07/2022","5:06:15","Rattus fuscipes",2,"1","walking around trap","2_22","25/07/2022 5:06:15","2022-07-25 05:06:15",0,0,0,0,6
"IMG_0461",2,"22","RECONYX","25/07/2022","20:01:03","Rattus fuscipes",2,"1","standing underneath leaf","2_22","25/07/2022 20:01:03","2022-07-25 20:01:03",53688,894.8,14.9,0.6,3
"IMG_0400",2,"6","RECONYX","26/07/2022","21:09:00","Rattus fuscipes",2,"1","wandering around trap","2_6","26/07/2022 21:09:00","2022-07-26 21:09:00",0,0,0,0,3
"SOB57",2,"14","RECONYX","24/07/2018","19:01:00","Trichosurus caninus",2,"1","Went up to the camera before running away","2_14","24/07/2018 19:01:00","2018-07-24 19:01:00",0,0,0,0,1
"SOB57",2,"14","RECONYX","25/07/2018","22:34:00","Trichosurus caninus",2,"1","Partial head only visible","2_14","25/07/2018 22:34:00","2018-07-25 22:34:00",99180,1653,27.6,1.2,1
"SOB57",2,"14","RECONYX","27/07/2018","1:25:00","Trichosurus caninus",2,"1","only tail visible","2_14","27/07/2018 1:25:00","2018-07-27 01:25:00",96660,1611,26.9,1.1,1
"IMAG0001",2,"6","Scoutguard","30/07/2019","1:12:16","Trichosurus caninus",3,"1","investigating trap","2_6","30/07/2019 1:12:16","2019-07-30 01:12:16",0,0,0,0,4
"IMAG0010",2,"6","Scoutguard","31/07/2019","19:26:21","Trichosurus caninus",3,"1","on tree","2_6","31/07/2019 19:26:21","2019-07-31 19:26:21",152045,2534.1,42.2,1.8,2
"IMAG0013",2,"6","Scoutguard","31/07/2019","19:51:22","Trichosurus caninus",3,"1","coming down tree towards trap","2_6","31/07/2019 19:51:22","2019-07-31 19:51:22",1501,25,0.4,0,8
"IMG_0464",2,"22","RECONYX","25/07/2022","23:16:33","Trichosurus caninus",3,"1","walking","2_22","25/07/2022 23:16:33","2022-07-25 23:16:33",0,0,0,0,6
"IMG_0001",3,"9","Reconyx","25/07/2022","11:39:58","",NA,"","Student initial trap and camera set up","3_9","25/07/2022 11:39:58","2022-07-25 11:39:58",0,0,0,0,2
"IMG_0001",3,"3","Reconyx","25/07/2022","12:13:27","",NA,"","Student initial trap and camera set up","3_3","25/07/2022 12:13:27","2022-07-25 12:13:27",0,0,0,0,1
"IMG_0001",3,"18","Reconyx","25/07/2022","12:31:10","",NA,"","Human walking by","3_18","25/07/2022 12:31:10","2022-07-25 12:31:10",0,0,0,0,3
"IMAG0030",3,"Cage","Scoutguard","25/07/2022","12:51:18","",NA,"","Student initial trap and camera set up","3_Cage","25/07/2022 12:51:18","2022-07-25 12:51:18",0,0,0,0,1
"IMG_0004",3,"18","Reconyx","25/07/2022","13:00:00","",NA,"","","3_18","25/07/2022 13:00:00","2022-07-25 13:00:00",1730,28.8,0.5,0,1
"IMG_0019",3,"9","Reconyx","25/07/2022","14:00:00","",NA,"","False Trigger","3_9","25/07/2022 14:00:00","2022-07-25 14:00:00",8402,140,2.3,0.1,1
"IMG_0020",3,"9","Reconyx","25/07/2022","14:10:37","",NA,"","Student taking plant samples","3_9","25/07/2022 14:10:37","2022-07-25 14:10:37",637,10.6,0.2,0,1
"IMAG0043",3,"Cage","Scoutguard","25/07/2022","14:20:41","",NA,"","Student initial trap and camera set up","3_Cage","25/07/2022 14:20:41","2022-07-25 14:20:41",5363,89.4,1.5,0.1,1
"IMG_0109",3,"9","Reconyx","25/07/2022","14:38:44","",NA,"","Student taking plant samples","3_9","25/07/2022 14:38:44","2022-07-25 14:38:44",1687,28.1,0.5,0,1
"IMG_0005",3,"18","Reconyx","25/07/2022","14:54:46","",NA,"","Human walking by","3_18","25/07/2022 14:54:46","2022-07-25 14:54:46",6886,114.8,1.9,0.1,24
"IMG_0072",3,"3","Reconyx","25/07/2022","15:10:20","",NA,"","Student initial trap and camera set up","3_3","25/07/2022 15:10:20","2022-07-25 15:10:20",10613,176.9,2.9,0.1,5
"IMAG0045",3,"Cage","Scoutguard","25/07/2022","15:20:04","",NA,"","Nothing seen","3_Cage","25/07/2022 15:20:04","2022-07-25 15:20:04",3563,59.4,1,0,2
"IMG_0231",3,"3","Reconyx","25/07/2022","15:24:09","",NA,"","Student taking plant samples","3_3","25/07/2022 15:24:09","2022-07-25 15:24:09",829,13.8,0.2,0,1
"IMAG0048",3,"Cage","Scoutguard","25/07/2022","15:28:12","",NA,"","people","3_Cage","25/07/2022 15:28:12","2022-07-25 15:28:12",488,8.1,0.1,0,1
"IMG_0239",3,"3","Reconyx","25/07/2022","19:25:05","",NA,"","no animals","3_3","25/07/2022 19:25:05","2022-07-25 19:25:05",14456,240.9,4,0.2,2
"IMG_0273",3,"3","Reconyx","25/07/2022","23:42:07","",NA,"","","3_3","25/07/2022 23:42:07","2022-07-25 23:42:07",15422,257,4.3,0.2,4
"IMG_0285",3,"3","Reconyx","26/07/2022","2:20:18","",NA,"","no animals","3_3","26/07/2022 2:20:18","2022-07-26 02:20:18",9491,158.2,2.6,0.1,1
"IMG_0286",3,"3","Reconyx","26/07/2022","9:06:23","",NA,"","Person checking traps","3_3","26/07/2022 9:06:23","2022-07-26 09:06:23",24365,406.1,6.8,0.3,3
"IMG_0029",3,"18","Reconyx","26/07/2022","9:15:35","",NA,"","Person checking trap","3_18","26/07/2022 9:15:35","2022-07-26 09:15:35",66049,1100.8,18.3,0.8,12
"IMG_0289",3,"3","Reconyx","26/07/2022","9:34:57","",NA,"","People walking past trap","3_3","26/07/2022 9:34:57","2022-07-26 09:34:57",1714,28.6,0.5,0,6
"IMG_0041",3,"18","Reconyx","26/07/2022","9:47:35","",NA,"","Human walking by","3_18","26/07/2022 9:47:35","2022-07-26 09:47:35",1920,32,0.5,0,6
"IMG_0110",3,"9","Reconyx","26/07/2022","10:00:00","",NA,"","False Trigger","3_9","26/07/2022 10:00:00","2022-07-26 10:00:00",69676,1161.3,19.4,0.8,1
"IMG_0047",3,"18","Reconyx","26/07/2022","10:00:00","",NA,"","False trigger (test)","3_18","26/07/2022 10:00:00","2022-07-26 10:00:00",745,12.4,0.2,0,1
"IMG_0295",3,"3","Reconyx","26/07/2022","10:23:13","",NA,"","false trigger (log moved)","3_3","26/07/2022 10:23:13","2022-07-26 10:23:13",2896,48.3,0.8,0,6
"IMG_0301",3,"3","Reconyx","26/07/2022","11:57:26","",NA,"","Person checking traps","3_3","26/07/2022 11:57:26","2022-07-26 11:57:26",5653,94.2,1.6,0.1,2
"IMG_0048",3,"18","Reconyx","26/07/2022","13:00:00","",NA,"","False trigger (test)","3_18","26/07/2022 13:00:00","2022-07-26 13:00:00",10800,180,3,0.1,1
"IMG_0111",3,"9","Reconyx","26/07/2022","14:00:00","",NA,"","False Trigger","3_9","26/07/2022 14:00:00","2022-07-26 14:00:00",14400,240,4,0.2,1
"IMG_0327",3,"3","Reconyx","26/07/2022","21:38:52","",NA,"","","3_3","26/07/2022 21:38:52","2022-07-26 21:38:52",34886,581.4,9.7,0.4,1
"IMG_0331",3,"3","Reconyx","27/07/2022","9:03:35","",NA,"","Person removing equipment","3_3","27/07/2022 9:03:35","2022-07-27 09:03:35",41083,684.7,11.4,0.5,2
"IMG_0049",3,"18","Reconyx","27/07/2022","9:47:04","",NA,"","Removal of camera","3_18","27/07/2022 9:47:04","2022-07-27 09:47:04",74824,1247.1,20.8,0.9,3
"IMG_2317",3,"22","Reconyx","27/07/2022","12:46:42","",NA,"","False trigger","3_22","27/07/2022 12:46:42","2022-07-27 12:46:42",0,0,0,0,1
"IMAG0001",3,"18","Scoutguard","29/07/2019","19:28:04","Antechinus stuartii",3,"running alongside log towards trap","","3_18","29/07/2019 19:28:04","2019-07-29 19:28:04",0,0,0,0,2
"IMG_0406",3,"22","Reconyx","25/07/2022","18:16:12","Antechinus stuartii",3,"","","3_22","25/07/2022 18:16:12","2022-07-25 18:16:12",0,0,0,0,5
"IMG_0232",3,"3","Reconyx","25/07/2022","19:24:47","Antechinus stuartii",3,"moving away from trap","","3_3","25/07/2022 19:24:47","2022-07-25 19:24:47",0,0,0,0,7
"IMG_0598",3,"22","Reconyx","25/07/2022","21:22:07","Antechinus stuartii",3,"","","3_22","25/07/2022 21:22:07","2022-07-25 21:22:07",11155,185.9,3.1,0.1,3
"IMG_0764",3,"22","Reconyx","26/07/2022","12:06:00","Antechinus stuartii",3,"","","3_22","26/07/2022 12:06:00","2022-07-26 12:06:00",53033,883.9,14.7,0.6,2
"IMG_2008",3,"22","Reconyx","26/07/2022","20:16:51","Antechinus stuartii",3,"","","3_22","26/07/2022 20:16:51","2022-07-26 20:16:51",29451,490.9,8.2,0.3,2
"IMG_2182",3,"22","Reconyx","26/07/2022","22:52:46","Antechinus stuartii",2,"","","3_22","26/07/2022 22:52:46","2022-07-26 22:52:46",9355,155.9,2.6,0.1,6
"IMG_2218",3,"22","Reconyx","26/07/2022","23:20:00","Antechinus stuartii",3,"","","3_22","26/07/2022 23:20:00","2022-07-26 23:20:00",1634,27.2,0.5,0,2
"IMG_2268",3,"22","Reconyx","27/07/2022","0:06:05","Antechinus stuartii",3,"","","3_22","27/07/2022 0:06:05","2022-07-27 00:06:05",2765,46.1,0.8,0,3
"IMG0295",3,"6","Reconyx","27/07/2022","2:22:41","Antechinus stuartii",NA,"Looking towards Camera","On a log","3_6","27/07/2022 2:22:41","2022-07-27 02:22:41",0,0,0,0,3
"IMAG0046",3,"14","Scoutguard","31/07/2019","17:22:34","Eopsaltria australis",3,"stays around the branches","","3_14","31/07/2019 17:22:34","2019-07-31 17:22:34",0,0,0,0,2
"IMAG0049",3,"14","Scoutguard","1/08/2019","8:28:47","Eopsaltria australis",3,"stays around the branches","","3_14","1/08/2019 8:28:47","2019-08-01 08:28:47",54373,906.2,15.1,0.6,2
"IMG0292",3,"6","Reconyx","26/07/2022","13:36:56","Eopsaltria australis",NA,"Standing","On a log","3_6","26/07/2022 13:36:56","2022-07-26 13:36:56",0,0,0,0,1
"IMG_0232",3,"3","Reconyx","25/07/2022","9:09:45","Human",NA,"","Collection of Camera trap","3_3","25/07/2022 9:09:45","2022-07-25 09:09:45",0,0,0,0,1
"IMG0298",3,"6","Reconyx","27/07/2022","9:09:40","Human",NA,"","Collection of Camera trap","3_6","27/07/2022 9:09:40","2022-07-27 09:09:40",0,0,0,0,1
"IMG_0241",3,"3","Reconyx","25/07/2022","23:38:32","Rattus fuscipes",3,"next to trap","","3_3","25/07/2022 23:38:32","2022-07-25 23:38:32",0,0,0,0,32
"IMG_0277",3,"3","Reconyx","25/07/2022","23:44:08","Rattus fuscipes",3,"Sitting near trap","","3_3","25/07/2022 23:44:08","2022-07-25 23:44:08",336,5.6,0.1,0,6
"IMG_0112",3,"9","Reconyx","26/07/2022","20:13:00","Rattus fuscipes",3,"walks near trap","1/3 photos","3_9","26/07/2022 20:13:00","2022-07-26 20:13:00",0,0,0,0,3
"IMG_0316",3,"3","Reconyx","26/07/2022","21:38:17","Rattus fuscipes",3,"Walking down side of trap","","3_3","26/07/2022 21:38:17","2022-07-26 21:38:17",78849,1314.2,21.9,0.9,14
"IMG_2108",3,"22","Reconyx","26/07/2022","21:50:23","Rattus fuscipes",3,"","","3_22","26/07/2022 21:50:23","2022-07-26 21:50:23",0,0,0,0,1
"IMAG0117",3,"Cage","Scoutguard","26/07/2022","22:12:04","Rattus fuscipes",3,"Walks near trap","","3_Cage","26/07/2022 22:12:04","2022-07-26 22:12:04",0,0,0,0,2
"IMG_2169",3,"22","Reconyx","26/07/2022","22:48:16","Rattus fuscipes",3,"","","3_22","26/07/2022 22:48:16","2022-07-26 22:48:16",3473,57.9,1,0,7
"IMG_0283",3,"3","Reconyx","26/07/2022","2:20:16","small mammal",NA,"tail on far right of frame","","3_3","26/07/2022 2:20:16","2022-07-26 02:20:16",0,0,0,0,2
"IMAG0029",3,"6","Scoutguard","31/07/2019","19:05:01","Tachyglossus aculeatus",3,"Walks past trap","","3_6","31/07/2019 19:05:01","2019-07-31 19:05:01",0,0,0,0,1
"IMAG0014",3,"1","Scoutguard","31/07/2019","20:17:00","Tachyglossus aculeatus",3,"Wandering in twos","2 echidna","3_1","31/07/2019 20:17:00","2019-07-31 20:17:00",0,0,0,0,1
"IMAG0032",3,"3","Scoutguard","29/07/2019","20:10:38","Trichosurus vulpecula",2,"jumps infront of trap","","3_3","29/07/2019 20:10:38","2019-07-29 20:10:38",0,0,0,0,1
"IMG_0105",3,"22","Reconyx","27/07/2022","13:58:00","Unidentified wren",NA,"","","3_22","27/07/2022 13:58:00","2022-07-27 13:58:00",0,0,0,0,4
"IMAG0001.JPG",4,"Cage","Scoutguard","24/07/2022","12:39:54","",3,"0","someones leg in frame","4_Cage","24/07/2022 12:39:54","2022-07-24 12:39:54",0,0,0,0,5
"IMAG0006.JPG",4,"Cage","Scoutguard","24/07/2022","12:53:31","",3,"0","image completely blurred","4_Cage","24/07/2022 12:53:31","2022-07-24 12:53:31",817,13.6,0.2,0,4
"IMAG00010.JPG",4,"Cage","Scoutguard","24/07/2022","14:43:12","",3,"0","people walking through field","4_Cage","24/07/2022 14:43:12","2022-07-24 14:43:12",6581,109.7,1.8,0.1,2
"IMAG00012.JPG",4,"Cage","Scoutguard","24/07/2022","17:17:45","",3,"0","people walking through field","4_Cage","24/07/2022 17:17:45","2022-07-24 17:17:45",9273,154.6,2.6,0.1,2
"IMAG00014.JPG",4,"Cage","Scoutguard","24/07/2022","17:33:41","",3,"0","trigger unknown, assumed vegetation","4_Cage","24/07/2022 17:33:41","2022-07-24 17:33:41",956,15.9,0.3,0,2
"IMG_0004.JPG",4,"6","Reconyx","25/07/2022","1:00:00","",NA,"","vegetation movement","4_6","25/07/2022 1:00:00","2022-07-25 01:00:00",0,0,0,0,1
"IMAG00016.JPG",4,"Cage","Scoutguard","25/07/2022","11:59:49","",3,"0","people walking through field","4_Cage","25/07/2022 11:59:49","2022-07-25 11:59:49",66368,1106.1,18.4,0.8,2
"IMG0001",4,"14","Reconyx","25/07/2022","12:20:55","",0,"0","Paper note with trap name","4_14","25/07/2022 12:20:55","2022-07-25 12:20:55",0,0,0,0,6
"IMG_0001.JPG",4,"6","Reconyx","25/07/2022","12:24:20","",3,"0","vegetation movement","4_6","25/07/2022 12:24:20","2022-07-25 12:24:20",41060,684.3,11.4,0.5,3
"IMG0001",4,"22","Reconyx","25/07/2022","12:32:51","",0,"0","leaf movement","4_22","25/07/2022 12:32:51","2022-07-25 12:32:51",0,0,0,0,1
"IMAG0001",4,"3","Reconyx","25/07/2022","13:00:00","",0,"0","","4_3","25/07/2022 13:00:00","2022-07-25 13:00:00",0,0,0,0,1
"IMAG00018.JPG",4,"Cage","Scoutguard","25/07/2022","13:00:19","",3,"0","people walking through field","4_Cage","25/07/2022 13:00:19","2022-07-25 13:00:19",3630,60.5,1,0,2
"IMG0007",4,"14","Reconyx","25/07/2022","13:55:49","",0,"0","Person walking past","4_14","25/07/2022 13:55:49","2022-07-25 13:55:49",5694,94.9,1.6,0.1,26
"IMG_00030.JPG",4,"6","Reconyx","26/07/2022","1:00:00","",NA,"","false trigger","4_6","26/07/2022 1:00:00","2022-07-26 01:00:00",45340,755.7,12.6,0.5,1
"IMG0019",4,"18","Reconyx","26/07/2022","9:39:01","",0,"0","people walking past","4_18","26/07/2022 9:39:01","2022-07-26 09:39:01",0,0,0,0,9
"IMG0033",4,"14","Reconyx","26/07/2022","9:47:44","",0,"0","Person checking trap","4_14","26/07/2022 9:47:44","2022-07-26 09:47:44",71515,1191.9,19.9,0.8,9
"IMAG0002",4,"3","Reconyx","26/07/2022","10:00:00","",0,"0","","4_3","26/07/2022 10:00:00","2022-07-26 10:00:00",75600,1260,21,0.9,1
"IMG_0005.JPG",4,"6","Reconyx","26/07/2022","10:00:00","",NA,"","vegetation movement","4_6","26/07/2022 10:00:00","2022-07-26 10:00:00",32400,540,9,0.4,1
"IMG_0006.JPG",4,"6","Reconyx","26/07/2022","10:39:33","",NA,"","people moving in field","4_6","26/07/2022 10:39:33","2022-07-26 10:39:33",2373,39.5,0.7,0,9
"IMAG0003",4,"3","Reconyx","26/07/2022","11:07:33","",0,"0","Foot at edge of frame","4_3","26/07/2022 11:07:33","2022-07-26 11:07:33",4053,67.6,1.1,0,3
"IMAG00020.JPG",4,"Cage","Scoutguard","26/07/2022","11:41:45","",3,"0","people walking through field","4_Cage","26/07/2022 11:41:45","2022-07-26 11:41:45",81686,1361.4,22.7,0.9,1
"IMAG0006",4,"3","Reconyx","26/07/2022","13:00:00","",0,"0","","4_3","26/07/2022 13:00:00","2022-07-26 13:00:00",6747,112.4,1.9,0.1,1
"IMG0042",4,"14","Reconyx","27/07/2022","9:25:59","",0,"0","Person checking trap","4_14","27/07/2022 9:25:59","2022-07-27 09:25:59",85095,1418.2,23.6,1,9
"IMAG0007",4,"3","Reconyx","27/07/2022","10:00:00","",0,"0","","4_3","27/07/2022 10:00:00","2022-07-27 10:00:00",75600,1260,21,0.9,1
"IMG_00031.JPG",4,"6","Reconyx","27/07/2022","10:00:00","",NA,"","leaf fell inside trap","4_6","27/07/2022 10:00:00","2022-07-27 10:00:00",84027,1400.4,23.3,1,1
"IMG0002",4,"22","Reconyx","25/07/2023","12:32:54","",0,"0","leaf movement","4_22","25/07/2023 12:32:54","2023-07-25 12:32:54",31536003,525600.1,8760,365,1
"IMG0003",4,"22","Reconyx","27/07/2024","12:32:55","",0,"0","leaf movement","4_22","27/07/2024 12:32:55","2024-07-27 12:32:55",31795201,529920,8832,368,1
"IMG0004",4,"22","Reconyx","27/07/2025","9:14:00","",0,"0","trap taken for checking","4_22","27/07/2025 9:14:00","2025-07-27 09:14:00",31524065,525401.1,8756.7,364.9,1
"IMG0005",4,"22","Reconyx","27/07/2026","9:14:03","",0,"0","trap taken for checking","4_22","27/07/2026 9:14:03","2026-07-27 09:14:03",31536003,525600.1,8760,365,1
"IMG0006",4,"22","Reconyx","27/07/2027","9:14:04","",0,"0","trap taken for checking","4_22","27/07/2027 9:14:04","2027-07-27 09:14:04",31536001,525600,8760,365,1
"IMG0007",4,"22","Reconyx","27/07/2028","9:14:06","",0,"0","hand positioning trap","4_22","27/07/2028 9:14:06","2028-07-27 09:14:06",31622402,527040,8784,366,1
"IMG0008",4,"22","Reconyx","27/07/2029","9:14:07","",0,"0","movement of sticks","4_22","27/07/2029 9:14:07","2029-07-27 09:14:07",31536001,525600,8760,365,1
"IMG0009",4,"22","Reconyx","27/07/2030","9:14:08","",0,"0","movement of sticks","4_22","27/07/2030 9:14:08","2030-07-27 09:14:08",31536001,525600,8760,365,1
"IMG0799",4,"9","Reconyx","26/07/2022","2:05:00","Antechinus stuartii",1,"Hunched on top of trap","Cannot see front of trap, only top. Camera set to take photo every minute, this is one of two pictures with an animal out of 2767","4_9","26/07/2022 2:05:00","2022-07-26 02:05:00",0,0,0,0,1
"IMAG0120",4,"18","Scoutguard","31/07/2019","16:43:47","Menura novaehollandiae",NA,"walked around tree","","4_18","31/07/2019 16:43:47","2019-07-31 16:43:47",0,0,0,0,2
"IMG0013",4,"18","Reconyx","25/07/2022","19:29:03","Perameles nasuta",3,"walked past trap, seemed to ignore it","","4_18","25/07/2022 19:29:03","2022-07-25 19:29:03",0,0,0,0,2
"IMG0017",4,"18","Reconyx","25/07/2022","20:29:03","Perameles nasuta",3,"walked past trap, seemed to ignore it","","4_18","25/07/2022 20:29:03","2022-07-25 20:29:03",3600,60,1,0,1
"IMG0061",4,"18","Reconyx","24/07/2018","18:42:11","Rattus fuscipes",3,"approached device","Camera wasn't facing trap","4_18","24/07/2018 18:42:11","2018-07-24 18:42:11",0,0,0,0,1
"IMG1303",4,"9","Reconyx","26/07/2022","10:29:00","Sericornis frontalis",2,"Perched on tree trunk","Cannot see front of trap, only top. Camera set to take photo every minute, this is one of two pictures with an animal out of 2767","4_9","26/07/2022 10:29:00","2022-07-26 10:29:00",0,0,0,0,1
"IMAG002",4,"22","Scoutguard","30/07/2019","23:34:20","Trichosurus caninus",3,"walked past","","4_22","30/07/2019 23:34:20","2019-07-30 23:34:20",0,0,0,0,2
"IMG_0005",5,"14","Reconyx","25/07/2022","0:58:25","",NA,"","","5_14","25/07/2022 0:58:25","2022-07-25 00:58:25",0,0,0,0,1
"IMG_0002",5,"6","Reconyx","25/07/2022","12:01:26","",NA,"","","5_6","25/07/2022 12:01:26","2022-07-25 12:01:26",0,0,0,0,1
"IMAG0005",5,"Cage","Scoutguard","25/07/2022","13:53:29","",3,"Sun triggering through heat / movement through trees","","5_Cage","25/07/2022 13:53:29","2022-07-25 13:53:29",0,0,0,0,1
"IMG_0004",5,"6","Reconyx","25/07/2022","14:00:00","",3,"Nothing visible","","5_6","25/07/2022 14:00:00","2022-07-25 14:00:00",7114,118.6,2,0.1,1
"IMG_0006",5,"6","Reconyx","25/07/2022","14:34:31","",NA,"","","5_6","25/07/2022 14:34:31","2022-07-25 14:34:31",2071,34.5,0.6,0,10
"IMAG0199",5,"Cage","Scoutguard","25/07/2022","16:07:58","",3,"Vegetation moving","","5_Cage","25/07/2022 16:07:58","2022-07-25 16:07:58",8069,134.5,2.2,0.1,1
"IMG_0187",5,"3","Reconyx","26/07/2022","9:20:25","",NA,"Person walking past / handling trap (start)","","5_3","26/07/2022 9:20:25","2022-07-26 09:20:25",0,0,0,0,17
"IMG_0204",5,"3","Reconyx","26/07/2022","9:39:57","",NA,"Person walking past / handling trap (end)","","5_3","26/07/2022 9:39:57","2022-07-26 09:39:57",1172,19.5,0.3,0,1
"IMG_0137",5,"9","Reconyx","26/07/2022","10:00:00","",3,"","","5_9","26/07/2022 10:00:00","2022-07-26 10:00:00",0,0,0,0,1
"IMG_0138",5,"9","Reconyx","26/07/2022","14:00:00","",3,"","","5_9","26/07/2022 14:00:00","2022-07-26 14:00:00",14400,240,4,0.2,1
"IMG_0205",5,"3","Reconyx","26/07/2022","18:31:16","",NA,"Wind moving","","5_3","26/07/2022 18:31:16","2022-07-26 18:31:16",31879,531.3,8.9,0.4,2
"IMG_0213",5,"3","Reconyx","26/07/2022","18:58:03","",NA,"Rat no longer visible (has completely hopped over log)","","5_3","26/07/2022 18:58:03","2022-07-26 18:58:03",1607,26.8,0.4,0,1
"IMG_0244",5,"3","Reconyx","26/07/2022","19:19:19","",NA,"Vegetation moving","","5_3","26/07/2022 19:19:19","2022-07-26 19:19:19",1276,21.3,0.4,0,3
"IMG_0344",5,"3","Reconyx","27/07/2022","2:04:19","",NA,"Not visible in shot","","5_3","27/07/2022 2:04:19","2022-07-27 02:04:19",24300,405,6.8,0.3,2
"IMG_0346",5,"3","Reconyx","27/07/2022","9:11:21","",NA,"Person handling trap","","5_3","27/07/2022 9:11:21","2022-07-27 09:11:21",25622,427,7.1,0.3,3
"IMG_0051",5,"9","Reconyx","24/07/2018","2:05:48","Antechinus stuartii",3,"investigation of trap","very cute and fluffy and smol","5_9","24/07/2018 2:05:48","2018-07-24 02:05:48",0,0,0,0,1
"108RECNX",5,"18","Reconyx","24/07/2018","2:41:46","Antechinus stuartii",3,"investigation and enterance of trap","","5_18","24/07/2018 2:41:46","2018-07-24 02:41:46",0,0,0,0,1
"IMAG0016",5,"14","Scoutguard","29/07/2019","19:33:04","Antechinus stuartii",1,"on edge of camera investigating elliot trap","","5_14","29/07/2019 19:33:04","2019-07-29 19:33:04",0,0,0,0,1
"IMAG0019",5,"14","Scoutguard","29/07/2019","21:54:47","Antechinus stuartii",3,"investigating elliot trap","","5_14","29/07/2019 21:54:47","2019-07-29 21:54:47",8503,141.7,2.4,0.1,1
"IMAG0076",5,"14","Scoutguard","30/07/2019","5:35:45","Antechinus stuartii",3,"running up log","","5_14","30/07/2019 5:35:45","2019-07-30 05:35:45",27658,461,7.7,0.3,1
"IMAG0082",5,"14","Scoutguard","30/07/2019","5:59:41","Antechinus stuartii",3,"crawling on rock","","5_14","30/07/2019 5:59:41","2019-07-30 05:59:41",1436,23.9,0.4,0,1
"IMG_0058",5,"18","Reconyx","26/07/2022","0:36:34","Antechinus stuartii",2,"","","5_18","26/07/2022 0:36:34","2022-07-26 00:36:34",126395688,2106594.8,35109.9,1462.9,2
"IMG_0025",5,"18","Reconyx","26/07/2022","17:48:17","Antechinus stuartii",3,"climbs an adjacent log and looks around","","5_18","26/07/2022 17:48:17","2022-07-26 17:48:17",61903,1031.7,17.2,0.7,2
"IMAG0015",5,"Cage","Scoutguard","23/07/2018","11:56:33","Eopsaltria australis",2,"perched on log near trap","","5_Cage","23/07/2018 11:56:33","2018-07-23 11:56:33",0,0,0,0,1
"IMAG0025",5,"Cage","Scoutguard","26/07/2018","3:50:46","Felis catus",2,"walking past trap","","5_Cage","26/07/2018 3:50:46","2018-07-26 03:50:46",0,0,0,0,1
"IMG_0101",5,"22","Reconyx","26/07/2018","10:38:36","Felis catus",3,"walking around the area, investigating trap","","5_22","26/07/2018 10:38:36","2018-07-26 10:38:36",0,0,0,0,1
"IMG_0117",5,"22","Reconyx","27/07/2018","4:42:18","Felis catus",3,"different cat from earlier also walking around the area, investigating nearby branches, showing marking behaviour near the trap","","5_22","27/07/2018 4:42:18","2018-07-27 04:42:18",65022,1083.7,18.1,0.8,1
"IMG_0001 - IMG_1794",5,"9","Reconyx","25/07/2022","11:29:24","Human",3,"Carrying the camera with it switched on","","5_9","25/07/2022 11:29:24","2022-07-25 11:29:24",0,0,0,0,1
"IMG_0001",5,"6","Reconyx","25/07/2022","12:01:25","Human",3,"Setting trap","","5_6","25/07/2022 12:01:25","2022-07-25 12:01:25",0,0,0,0,2
"IMAG0001",5,"Cage","Scoutguard","25/07/2022","13:50:27","Human",3,"Setting the camera trap ","","5_Cage","25/07/2022 13:50:27","2022-07-25 13:50:27",0,0,0,0,2
"IMG_0005",5,"6","Reconyx","25/07/2022","14:34:30","Human",3,"Walking past","","5_6","25/07/2022 14:34:30","2022-07-25 14:34:30",9185,153.1,2.6,0.1,2
"IMG_0169",5,"9","Reconyx","26/07/2022","9:24:13","Human",3,"Packing up site and taking camera","Checking trap, backpack","5_9","26/07/2022 9:24:13","2022-07-26 09:24:13",78889,1314.8,21.9,0.9,2
"IMG_1906",5,"9","Reconyx","26/07/2022","9:36:10","Human",3,"Packing up","","5_9","26/07/2022 9:36:10","2022-07-26 09:36:10",717,11.9,0.2,0,3
"IMG_0107",5,"9","Reconyx","26/07/2022","9:49:39","Human",3,"Checking trap, backpack","","5_9","26/07/2022 9:49:39","2022-07-26 09:49:39",809,13.5,0.2,0,2
"IMG_1822",5,"9","Reconyx","26/07/2022","10:12:53","Human",3,"Checking trap ","","5_9","26/07/2022 10:12:53","2022-07-26 10:12:53",1394,23.2,0.4,0,1
"IMG_1836",5,"9","Reconyx","26/07/2022","12:26:28","Human",3,"Walking by","","5_9","26/07/2022 12:26:28","2022-07-26 12:26:28",8015,133.6,2.2,0.1,1
"IMAG0137",5,"3","Scoutguard","29/07/2019","20:01:16","Rattus fuscipes",3,"Walking towards trap","","5_3","29/07/2019 20:01:16","2019-07-29 20:01:16",0,0,0,0,2
"IMAG0232",5,"9","Scoutguard","31/07/2019","3:30:31","Rattus fuscipes",3,"Infront of trap","","5_9","31/07/2019 3:30:31","2019-07-31 03:30:31",0,0,0,0,1
"IMAG0241",5,"9","Scoutguard","1/08/2019","3:17:51","Rattus fuscipes",3,"On log in front of trap","","5_9","1/08/2019 3:17:51","2019-08-01 03:17:51",85640,1427.3,23.8,1,1
"IMG_0001",5,"3","Reconyx","25/07/2022","20:09:40","Rattus fuscipes",3,"Sniffing front of Elliott trap","ABBEY trap 3","5_3","25/07/2022 20:09:40","2022-07-25 20:09:40",94349304,1572488.4,26208.1,1092,30
"IMG_1882",5,"9","Reconyx","26/07/2022","1:10:41","Rattus fuscipes",3,"On log, investigating","","5_9","26/07/2022 1:10:41","2022-07-26 01:10:41",94168370,1569472.8,26157.9,1089.9,2
"IMG_0135",5,"14","Reconyx","26/07/2022","4:05:10","Rattus fuscipes",3,"Sniffs around front of trap","","5_14","26/07/2022 4:05:10","2022-07-26 04:05:10",0,0,0,0,2
"IMG_1903",5,"9","Reconyx","26/07/2022","5:21:44","Rattus fuscipes",3,"On log, investigating trap ","","5_9","26/07/2022 5:21:44","2022-07-26 05:21:44",15063,251.1,4.2,0.2,1
"IMG_1904",5,"9","Reconyx","26/07/2022","6:21:44","Rattus fuscipes",3,"On log, investigating trap ","","5_9","26/07/2022 6:21:44","2022-07-26 06:21:44",3600,60,1,0,1
"IMG_1905",5,"9","Reconyx","26/07/2022","7:21:44","Rattus fuscipes",3,"On log, investigating trap ","","5_9","26/07/2022 7:21:44","2022-07-26 07:21:44",3600,60,1,0,1
"IMG_0232",5,"3","Reconyx","26/07/2022","18:19:02","Rattus fuscipes",3,"Sniffing around camera","","5_3","26/07/2022 18:19:02","2022-07-26 18:19:02",79762,1329.4,22.2,0.9,3
"IMG_0207",5,"3","Reconyx","26/07/2022","18:31:18","Rattus fuscipes",3,"Walking over log above trap","","5_3","26/07/2022 18:31:18","2022-07-26 18:31:18",736,12.3,0.2,0,1
"IMG_0208",5,"3","Reconyx","26/07/2022","18:57:57","Rattus fuscipes",3,"Walking in front of camera (head concealed)","","5_3","26/07/2022 18:57:57","2022-07-26 18:57:57",1599,26.6,0.4,0,5
"IMG_0031",5,"18","Reconyx","26/07/2022","18:59:08","Rattus fuscipes",3,"paces around the trap, back and front, sniffing vigorously","","5_18","26/07/2022 18:59:08","2022-07-26 18:59:08",0,0,0,0,2
"IMG_0214",5,"3","Reconyx","26/07/2022","19:15:03","Rattus fuscipes",3,"Looking towards Elliott trap","","5_3","26/07/2022 19:15:03","2022-07-26 19:15:03",1026,17.1,0.3,0,27
"IMG_0247",5,"3","Reconyx","26/07/2022","19:20:37","Rattus fuscipes",2,"Sniffing front of Elliott trap","","5_3","26/07/2022 19:20:37","2022-07-26 19:20:37",334,5.6,0.1,0,6
"IMG_1837",5,"9","Reconyx","26/07/2022","19:43:02","Rattus fuscipes",3,"Jumping into field of view","","5_9","26/07/2022 19:43:02","2022-07-26 19:43:02",44478,741.3,12.4,0.5,3
"IMG_0129",5,"14","Reconyx","26/07/2022","22:31:47","Rattus fuscipes",3,"Rat sniffs around the trap site, looks to the camera ","","5_14","26/07/2022 22:31:47","2022-07-26 22:31:47",66397,1106.6,18.4,0.8,1
"IMG_0040",5,"18","Reconyx","26/07/2022","22:38:02","Rattus fuscipes",3,"paces around the trap site","","5_18","26/07/2022 22:38:02","2022-07-26 22:38:02",13134,218.9,3.6,0.1,2
"IMG_0304",5,"3","Reconyx","26/07/2022","22:42:10","Rattus fuscipes",2,"Walking forward over log","","5_3","26/07/2022 22:42:10","2022-07-26 22:42:10",12093,201.6,3.4,0.1,6
"IMG_0134",5,"14","Reconyx","26/07/2022","22:53:26","Rattus fuscipes",3,"Sniffs around","","5_14","26/07/2022 22:53:26","2022-07-26 22:53:26",1299,21.6,0.4,0,1
"IMG_0310",5,"3","Reconyx","27/07/2022","0:28:36","Rattus fuscipes",2,"Moving around camera (head not visible)","","5_3","27/07/2022 0:28:36","2022-07-27 00:28:36",6386,106.4,1.8,0.1,18
"IMG_0340",5,"3","Reconyx","27/07/2022","2:04:13","Rattus fuscipes",1,"Pair of eyes visible (eyeshine), looking towards trap, facing camera","","5_3","27/07/2022 2:04:13","2022-07-27 02:04:13",5737,95.6,1.6,0.1,4
"IMG_0070",5,"18","Reconyx","27/07/2022","2:06:25","Rattus fuscipes",3,"inspects each side of the trap","","5_18","27/07/2022 2:06:25","2022-07-27 02:06:25",12503,208.4,3.5,0.1,1
"IMG_0083",5,"18","Reconyx","27/07/2022","3:48:10","Rattus fuscipes",3,"","","5_18","27/07/2022 3:48:10","2022-07-27 03:48:10",6105,101.8,1.7,0.1,1
"IMAG0013",5,"14","Scoutguard","29/07/2019","12:24:44","Strepera graculina",3,"on edge of camera","","5_14","29/07/2019 12:24:44","2019-07-29 12:24:44",0,0,0,0,2
"IMAG0031",5,"6","Scoutguard","29/07/2019","15:24:01","Strepera graculina",3,"standing at opening of elliot trap","","5_6","29/07/2019 15:24:01","2019-07-29 15:24:01",0,0,0,0,6
"IMAG0046",5,"6","Scoutguard","29/07/2019","15:29:20","Strepera graculina",3,"investigating and disturbing elliot trap","","5_6","29/07/2019 15:29:20","2019-07-29 15:29:20",319,5.3,0.1,0,7
"IMAG0067",5,"6","Scoutguard","29/07/2019","15:35:58","Strepera graculina",3,"investigating opening of elliot trap","","5_6","29/07/2019 15:35:58","2019-07-29 15:35:58",398,6.6,0.1,0,2
"IMAG0128",5,"3","Scoutguard","29/07/2019","15:40:14","Strepera graculina",3,"Bait ball in mouth","","5_3","29/07/2019 15:40:14","2019-07-29 15:40:14",0,0,0,0,1
"IMAG0105",5,"9","Scoutguard","29/07/2019","16:08:14","Strepera graculina",3,"Pulls trap closer to camera and pulls bag off trap","","5_9","29/07/2019 16:08:14","2019-07-29 16:08:14",0,0,0,0,1
"IMAG0085",5,"6","Scoutguard","29/07/2019","16:19:58","Strepera graculina",3,"investigating camera","","5_6","29/07/2019 16:19:58","2019-07-29 16:19:58",2640,44,0.7,0,2
"IMAG0134",5,"9","Scoutguard","29/07/2019","16:35:38","Strepera graculina",3,"Inspects area and bag","","5_9","29/07/2019 16:35:38","2019-07-29 16:35:38",1644,27.4,0.5,0,1
"IMAG0131",5,"3","Scoutguard","29/07/2019","17:06:07","Strepera graculina",3,"Standing at opening of Elliot trap","","5_3","29/07/2019 17:06:07","2019-07-29 17:06:07",5153,85.9,1.4,0.1,3
"IMAG0136",5,"3","Scoutguard","29/07/2019","19:06:59","Strepera graculina",3,"Standing at opening of Elliot trap","","5_3","29/07/2019 19:06:59","2019-07-29 19:06:59",7252,120.9,2,0.1,1
"IMAG0088",5,"6","Scoutguard","30/07/2019","7:40:55","Strepera graculina",3,"investigating elliot trap","","5_6","30/07/2019 7:40:55","2019-07-30 07:40:55",55257,921,15.3,0.6,5
"IMAG0169",5,"9","Scoutguard","30/07/2019","8:00:16","Strepera graculina",3,"Inspects bag","","5_9","30/07/2019 8:00:16","2019-07-30 08:00:16",55478,924.6,15.4,0.6,1
"IMAG0140",5,"3","Scoutguard","30/07/2019","8:55:17","Strepera graculina",3,"Standing at opening of Elliot trap","","5_3","30/07/2019 8:55:17","2019-07-30 08:55:17",49698,828.3,13.8,0.6,3
"IMAG0170",5,"3","Scoutguard","31/07/2019","8:27:08","Strepera graculina",3,"Investigating Elliot Trap","","5_3","31/07/2019 8:27:08","2019-07-31 08:27:08",84711,1411.8,23.5,1,5
"IMAG0115",5,"6","Scoutguard","31/07/2019","10:46:49","Strepera graculina",3,"investigating elliot trap","","5_6","31/07/2019 10:46:49","2019-07-31 10:46:49",97554,1625.9,27.1,1.1,1
"IMAG0019, IMAG0020",5,"Cage","Scoutguard","23/07/2018","23:33:56","Trichosurus caninus",3,"investigation of trap","","5_Cage","23/07/2018 23:33:56","2018-07-23 23:33:56",0,0,0,0,1
"IMAG0032",5,"14","Scoutguard","29/07/2019","23:41:22","Trichosurus caninus",2,"investigating elliot trap","","5_14","29/07/2019 23:41:22","2019-07-29 23:41:22",0,0,0,0,6
"IMAG0043",5,"14","Scoutguard","29/07/2019","23:47:36","Trichosurus caninus",2,"investigating elliot trap","","5_14","29/07/2019 23:47:36","2019-07-29 23:47:36",374,6.2,0.1,0,3
"IMAG0055",5,"14","Scoutguard","30/07/2019","2:24:03","Trichosurus caninus",2,"investigating opening of elliot trap","","5_14","30/07/2019 2:24:03","2019-07-30 02:24:03",9387,156.4,2.6,0.1,8
"IMAG0091",5,"14","Scoutguard","30/07/2019","19:53:11","Trichosurus caninus",2,"investigating opening of elliot trap","","5_14","30/07/2019 19:53:11","2019-07-30 19:53:11",62948,1049.1,17.5,0.7,6
"IMAG0049",5,"Cage","Scoutguard","30/07/2019","22:26:49","Trichosurus caninus",3,"Crawls over trap sniffing it","","5_Cage","30/07/2019 22:26:49","2019-07-30 22:26:49",32136773,535612.9,8926.9,372,6
"IMAG0055",5,"Cage","Scoutguard","30/07/2019","22:33:56","Trichosurus caninus",3,"walking around ver far edge of tree","","5_Cage","30/07/2019 22:33:56","2019-07-30 22:33:56",427,7.1,0.1,0,2
"IMAG0057",5,"Cage","Scoutguard","30/07/2019","22:48:48","Trichosurus caninus",3,"climbs up tree","","5_Cage","30/07/2019 22:48:48","2019-07-30 22:48:48",892,14.9,0.2,0,2
"IMAG0115",5,"14","Scoutguard","31/07/2019","1:41:13","Trichosurus caninus",2,"investigating elliot trap","","5_14","31/07/2019 1:41:13","2019-07-31 01:41:13",20882,348,5.8,0.2,1
"IMAG0117",5,"14","Scoutguard","31/07/2019","18:16:22","Trichosurus caninus",2,"investigating elliot trap","","5_14","31/07/2019 18:16:22","2019-07-31 18:16:22",59709,995.1,16.6,0.7,2
"IMAG0118",5,"6","Scoutguard","1/08/2019","0:26:42","Trichosurus caninus",2,"investigating elliot trap","","5_6","1/08/2019 0:26:42","2019-08-01 00:26:42",0,0,0,0,4
"IMAG0136",5,"14","Scoutguard","1/08/2019","1:26:12","Trichosurus caninus",2,"investigating elliot trap","","5_14","1/08/2019 1:26:12","2019-08-01 01:26:12",25790,429.8,7.2,0.3,2
"IMG_0016",5,"14","Reconyx","25/07/2022","2:44:45","Trichosurus caninus",3,"Scouts around trap; sticks his head in trap","","5_14","25/07/2022 2:44:45","2022-07-25 02:44:45",94094313,1568238.6,26137.3,1089.1,2
"IMG_1795",5,"9","Reconyx","25/07/2022","20:18:45","Trichosurus caninus",3,"Enterting the field of view","","5_9","25/07/2022 20:18:45","2022-07-25 20:18:45",0,0,0,0,11
"IMG_1806",5,"9","Reconyx","25/07/2022","20:27:56","Trichosurus caninus",3,"Sniffing the trap, not disturbing it too much","","5_9","25/07/2022 20:27:56","2022-07-25 20:27:56",551,9.2,0.2,0,1
"IMG_0017",5,"6","Reconyx","25/07/2022","20:37:14","Trichosurus caninus",3,"Sniffing Elliott trap and sticking head inside, dragging trap very determined (same individual as at trap 14 - identified by marking)","","5_6","25/07/2022 20:37:14","2022-07-25 20:37:14",94162232,1569370.5,26156.2,1089.8,2
"IMG_0062",5,"6","Reconyx","25/07/2022","23:29:58","Trichosurus caninus",3,"Same individual returned to investigate trap again, mainly sniffing, less determined","","5_6","25/07/2022 23:29:58","2022-07-25 23:29:58",10364,172.7,2.9,0.1,2
"IMG_1807",5,"9","Reconyx","25/07/2022","23:56:48","Trichosurus caninus",3,"Sniffing the trap, not disturbing it too much","","5_9","25/07/2022 23:56:48","2022-07-25 23:56:48",12532,208.9,3.5,0.1,15
"IMG_0031",5,"3","Reconyx","26/07/2022","0:54:53","Trichosurus caninus",3,"Sniffing front of Elliott trap","","5_3","26/07/2022 0:54:53","2022-07-26 00:54:53",0,0,0,0,76
"IMG_0121",5,"3","Reconyx","26/07/2022","1:01:13","Trichosurus caninus",3,"Sniffing & handling back of tipped Elliott trap, putting hands inside plastic bag","","5_3","26/07/2022 1:01:13","2022-07-26 01:01:13",380,6.3,0.1,0,13
"IMG_0160",5,"3","Reconyx","26/07/2022","1:06:19","Trichosurus caninus",3,"Sniffing & handling back of tipped Elliott trap, putting hands inside plastic bag","","5_3","26/07/2022 1:06:19","2022-07-26 01:06:19",306,5.1,0.1,0,1
"IMG_1888",5,"9","Reconyx","26/07/2022","1:13:09","Trichosurus caninus",2,"On log, investigating trap ","","5_9","26/07/2022 1:13:09","2022-07-26 01:13:09",4581,76.3,1.3,0.1,1
"IMG_0163",5,"3","Reconyx","26/07/2022","1:13:34","Trichosurus caninus",3,"Sniffing & handling back of tipped Elliott trap, putting hands inside plastic bag","","5_3","26/07/2022 1:13:34","2022-07-26 01:13:34",435,7.2,0.1,0,8
"IMG_0098",5,"6","Reconyx","26/07/2022","1:47:34","Trichosurus caninus",3,"Same individual returned to investigate trap again, mainly sniffing, less determined","","5_6","26/07/2022 1:47:34","2022-07-26 01:47:34",8256,137.6,2.3,0.1,1
"IMG_0106",5,"9","Reconyx","26/07/2022","1:47:52","Trichosurus caninus",3,"Same individual returned to investigate trap again, mainly sniffing, less determined","","5_9","26/07/2022 1:47:52","2022-07-26 01:47:52",2083,34.7,0.6,0,1
"IMG_0041",5,"3","Reconyx","26/07/2022","7:48:00","Trichosurus caninus",3,"Sniffing ground next to trap","","5_3","26/07/2022 7:48:00","2022-07-26 07:48:00",23666,394.4,6.6,0.3,1
"IMG_0105",5,"14","Reconyx","26/07/2022","7:51:18","Trichosurus caninus",3,"Inspects site, has bald spot on its rump","","5_14","26/07/2022 7:51:18","2022-07-26 07:51:18",104793,1746.6,29.1,1.2,1
"IMG_0128",5,"14","Reconyx","26/07/2022","19:55:28","Trichosurus caninus",3,"Climbs around, sniffs the place where the trap was, on top of it","","5_14","26/07/2022 19:55:28","2022-07-26 19:55:28",43450,724.2,12.1,0.5,1
"IMG_0139",5,"9","Reconyx","26/07/2022","19:56:15","Trichosurus caninus",3,"Investigating trap, sniffing, different individual to 25/07/22 - lacking marking on rump","","5_9","26/07/2022 19:56:15","2022-07-26 19:56:15",65303,1088.4,18.1,0.8,3
"IMG_0163",5,"9","Reconyx","26/07/2022","20:07:39","Trichosurus caninus",3,"Successfully took bait ball, leaving trap site with bait ball in mouth","","5_9","26/07/2022 20:07:39","2022-07-26 20:07:39",684,11.4,0.2,0,3
"IMG_0026",5,"22","Reconyx","26/07/2022","20:12:01","Trichosurus caninus",3,"disturbed the trap","","5_22","26/07/2022 20:12:01","2022-07-26 20:12:01",0,0,0,0,2
"IMG_1846",5,"9","Reconyx","26/07/2022","20:20:47","Trichosurus caninus",2,"Approaching trap","","5_9","26/07/2022 20:20:47","2022-07-26 20:20:47",788,13.1,0.2,0,2
"IMG_1872",5,"9","Reconyx","26/07/2022","20:47:12","Trichosurus caninus",2,"On log sniffing trap ","","5_9","26/07/2022 20:47:12","2022-07-26 20:47:12",1585,26.4,0.4,0,1
"IMG_0253",5,"3","Reconyx","26/07/2022","21:48:21","Trichosurus caninus",3,"Sniffing Elliott trap from log","","5_3","26/07/2022 21:48:21","2022-07-26 21:48:21",50421,840.4,14,0.6,24
"IMG_0277",5,"3","Reconyx","26/07/2022","22:26:02","Trichosurus caninus",3,"Sniffing trap","","5_3","26/07/2022 22:26:02","2022-07-26 22:26:02",2261,37.7,0.6,0,27
"IMG_0166",5,"9","Reconyx","26/07/2022","22:38:55","Trichosurus caninus",3,"Entering field of view from the right","","5_9","26/07/2022 22:38:55","2022-07-26 22:38:55",6703,111.7,1.9,0.1,3
"IMG_1873",5,"9","Reconyx","26/07/2022","22:57:25","Trichosurus caninus",2,"On log sniffing trap ","","5_9","26/07/2022 22:57:25","2022-07-26 22:57:25",1110,18.5,0.3,0,2
"IMG_0044",5,"22","Reconyx","26/07/2022","23:07:27","Trichosurus caninus",3,"inspects a disturbed trap; digs several shallow holes","","5_22","26/07/2022 23:07:27","2022-07-26 23:07:27",10526,175.4,2.9,0.1,2
"IMG_0328",5,"3","Reconyx","27/07/2022","1:09:58","Trichosurus caninus",3,"Moving towards trap","","5_3","27/07/2022 1:09:58","2022-07-27 01:09:58",9836,163.9,2.7,0.1,11
"IMG_0061",5,"18","Reconyx","27/07/2022","1:49:08","Trichosurus caninus",3,"just a sliver of its back could be seen from the corner, a large black body","","5_18","27/07/2022 1:49:08","2022-07-27 01:49:08",0,0,0,0,2
"IMAG0154",5,"9","Scoutguard","29/07/2019","21:56:24","Trichosurus vulpecula",3,"Inspects area and bag","","5_9","29/07/2019 21:56:24","2019-07-29 21:56:24",0,0,0,0,1
"IMAG0164",5,"3","Scoutguard","30/07/2019","22:58:36","Trichosurus vulpecula",3,"Investigating camera","","5_3","30/07/2019 22:58:36","2019-07-30 22:58:36",0,0,0,0,2
"IMAG0016",5,"18","Scoutguard","30/07/2019","23:21:13","Trichosurus vulpecula",3,"Investigating elliot trap","","5_18","30/07/2019 23:21:13","2019-07-30 23:21:13",0,0,0,0,2
"IMAG0022",5,"18","Scoutguard","31/07/2019","1:33:42","Trichosurus vulpecula",3,"Investigating elliot trap","","5_18","31/07/2019 1:33:42","2019-07-31 01:33:42",7949,132.5,2.2,0.1,4
"IMAG0052",5,"18","Scoutguard","31/07/2019","19:53:10","Trichosurus vulpecula",3,"Investigating elliot trap","","5_18","31/07/2019 19:53:10","2019-07-31 19:53:10",65968,1099.5,18.3,0.8,2
"IMAG0064",5,"18","Scoutguard","31/07/2019","19:59:46","Trichosurus vulpecula",3,"Investigating elliot trap","","5_18","31/07/2019 19:59:46","2019-07-31 19:59:46",396,6.6,0.1,0,2
"IMAG0082",5,"18","Scoutguard","31/07/2019","20:08:02","Trichosurus vulpecula",3,"Investigating elliot trap","","5_18","31/07/2019 20:08:02","2019-07-31 20:08:02",496,8.3,0.1,0,5
"IMAG0116",5,"18","Scoutguard","31/07/2019","20:15:32","Trichosurus vulpecula",3,"Walking away from trap","","5_18","31/07/2019 20:15:32","2019-07-31 20:15:32",450,7.5,0.1,0,4
"IMAG0127",5,"18","Scoutguard","31/07/2019","20:20:54","Trichosurus vulpecula",3,"Two - both investigating elliot trap","","5_18","31/07/2019 20:20:54","2019-07-31 20:20:54",322,5.4,0.1,0,1
"IMAG0109",5,"18","Scoutguard","31/07/2019","21:14:24","Trichosurus vulpecula",3,"Two - both investigating elliot trap","","5_18","31/07/2019 21:14:24","2019-07-31 21:14:24",3210,53.5,0.9,0,1
"IMAG0016",5,"22","Scoutguard","31/07/2019","21:59:18","Trichosurus vulpecula",3,"Investigating camera","","5_22","31/07/2019 21:59:18","2019-07-31 21:59:18",0,0,0,0,4
"IMAG0025",5,"22","Scoutguard","31/07/2019","23:01:48","Trichosurus vulpecula",3,"Investigating elliot trap","","5_22","31/07/2019 23:01:48","2019-07-31 23:01:48",3750,62.5,1,0,3
"IMAG0185",5,"3","Scoutguard","1/08/2019","0:12:38","Trichosurus vulpecula",3,"Investigating Elliot Trap","","5_3","1/08/2019 0:12:38","2019-08-01 00:12:38",90842,1514,25.2,1,8
"IMAG0037",5,"22","Scoutguard","1/08/2019","3:39:13","Trichosurus vulpecula",3,"Investigating area","","5_22","1/08/2019 3:39:13","2019-08-01 03:39:13",16645,277.4,4.6,0.2,1
"IMAG0030",5,"Cage","Scoutguard","26/07/2018","17:30:20","Unknown bird",1,"landing on log near trap","","5_Cage","26/07/2018 17:30:20","2018-07-26 17:30:20",0,0,0,0,1
"",6,"6","Reconyx","23/07/2018","3:55:00","",NA,"","","6_6","23/07/2018 3:55:00","2018-07-23 03:55:00",0,0,0,0,1
"",6,"9","Reconyx","23/07/2018","3:55:00","",NA,"","No folder in SD card, camera error?","6_9","23/07/2018 3:55:00","2018-07-23 03:55:00",0,0,0,0,1
"IMAG0009",6,"Cage","Scoutguard","24/07/2018","23:23:00","",NA,"","no animals. could be camera false alarm . wind??","6_Cage","24/07/2018 23:23:00","2018-07-24 23:23:00",0,0,0,0,1
"IMAG0012",6,"Cage","Scoutguard","26/07/2018","4:51:00","",NA,"","no animals... camera false alarm??","6_Cage","26/07/2018 4:51:00","2018-07-26 04:51:00",106080,1768,29.5,1.2,1
"IMAG0014",6,"Cage","Scoutguard","27/07/2018","0:16:00","",NA,"","no animals... camera false alarm??","6_Cage","27/07/2018 0:16:00","2018-07-27 00:16:00",69900,1165,19.4,0.8,1
"IMAG0021",6,"Cage","Scoutguard","27/07/2018","5:03:00","",NA,"","no animals in clip... but some rustling of leaves near groundcover in front of trap.","6_Cage","27/07/2018 5:03:00","2018-07-27 05:03:00",17220,287,4.8,0.2,1
"IMG_0001",6,"14","Reconyx","25/07/2022","11:00:00","",NA,"human in image","","6_14","25/07/2022 11:00:00","2022-07-25 11:00:00",0,0,0,0,1
"IMG_0075",6,"14","Reconyx","25/07/2022","11:10:00","",NA,"human in image","","6_14","25/07/2022 11:10:00","2022-07-25 11:10:00",600,10,0.2,0,1
"IMG_0001",6,"9","Reconyx","25/07/2022","11:16:00","",NA,"human in image","","6_9","25/07/2022 11:16:00","2022-07-25 11:16:00",126429660,2107161,35119.3,1463.3,1
"IMG_0001",6,"18","Reconyx","25/07/2022","12:00:00","",NA,"human in image","trap door closed - possible bush rat that was recorded in data sheet on day 27/07/2022","6_18","25/07/2022 12:00:00","2022-07-25 12:00:00",0,0,0,0,1
"IMG_0195",6,"18","Reconyx","25/07/2022","12:13:00","",NA,"human in image","trap door closed - possible bush rat that was recorded in data sheet on day 27/07/2022","6_18","25/07/2022 12:13:00","2022-07-25 12:13:00",780,13,0.2,0,1
"IMG_0022",6,"9","Reconyx","25/07/2022","14:00:00","",NA,"human in image","","6_9","25/07/2022 14:00:00","2022-07-25 14:00:00",9840,164,2.7,0.1,1
"IMAG0010",6,"Cage","Scoutguard","25/07/2022","15:19:35","",NA,"Video image of cage trap, triggered by person setting up","","6_Cage","25/07/2022 15:19:35","2022-07-25 15:19:35",126094595,2101576.6,35026.3,1459.4,1
"IMAG0011",6,"Cage","Scoutguard","25/07/2022","15:25:34","",NA,"Still image of cage trap, positioned towards bottom of frame, no activity ","","6_Cage","25/07/2022 15:25:34","2022-07-25 15:25:34",359,6,0.1,0,3
"IMAG0014",6,"Cage","Scoutguard","26/07/2022","9:16:55","",NA,"human in image","","6_Cage","26/07/2022 9:16:55","2022-07-26 09:16:55",64281,1071.3,17.9,0.7,6
"IMG_0001",6,"9","Reconyx","26/07/2022","9:59:00","",NA,"human in image","","6_9","26/07/2022 9:59:00","2022-07-26 09:59:00",71940,1199,20,0.8,1
"IMG_0001",6,"18","Reconyx","26/07/2022","10:00:00","",NA,"human in image","trap door closed - possible bush rat that was recorded in data sheet on day 27/07/2022","6_18","26/07/2022 10:00:00","2022-07-26 10:00:00",78420,1307,21.8,0.9,1
"IMG_0001",6,"14","Reconyx","26/07/2022","10:39:00","",NA,"human in image","","6_14","26/07/2022 10:39:00","2022-07-26 10:39:00",84540,1409,23.5,1,1
"IMG_0111",6,"14","Reconyx","26/07/2022","11:00:00","",NA,"human in image","","6_14","26/07/2022 11:00:00","2022-07-26 11:00:00",1260,21,0.3,0,1
"IMG_0195",6,"18","Reconyx","26/07/2022","14:00:00","",NA,"human in image","trap door closed - possible bush rat that was recorded in data sheet on day 27/07/2022","6_18","26/07/2022 14:00:00","2022-07-26 14:00:00",14400,240,4,0.2,1
"IMG_0310",6,"9","Reconyx","26/07/2022","15:10:00","",NA,"human in image","","6_9","26/07/2022 15:10:00","2022-07-26 15:10:00",18660,311,5.2,0.2,1
"IMAG0024",6,"Cage","Scoutguard","27/07/2022","0:47:00","",NA,"","","6_Cage","27/07/2022 0:47:00","2022-07-27 00:47:00",55805,930.1,15.5,0.6,2
"IMG_0142",6,"9","Reconyx","27/07/2022","9:03:00","",NA,"human in image","","6_9","27/07/2022 9:03:00","2022-07-27 09:03:00",64380,1073,17.9,0.7,1
"IMAG0028",6,"Cage","Scoutguard","27/07/2022","9:33:00","",NA,"","","6_Cage","27/07/2022 9:33:00","2022-07-27 09:33:00",31560,526,8.8,0.4,1
"IMG_0159",6,"9","Reconyx","27/07/2022","9:40:00","",NA,"human in image","","6_9","27/07/2022 9:40:00","2022-07-27 09:40:00",2220,37,0.6,0,1
"IMG_0001",6,"18","Reconyx","27/07/2022","10:00:00","",NA,"human in image","","6_18","27/07/2022 10:00:00","2022-07-27 10:00:00",72000,1200,20,0.8,1
"IMG_0195",6,"18","Reconyx","27/07/2022","10:26:00","",NA,"human in image","","6_18","27/07/2022 10:26:00","2022-07-27 10:26:00",1560,26,0.4,0,1
"IMG_0103",6,"14","Reconyx","27/07/2022","10:39:00","",NA,"human in image","","6_14","27/07/2022 10:39:00","2022-07-27 10:39:00",85140,1419,23.6,1,1
"IMAG0342",6,"3","Reconyx","24/07/2018","2:13:00","Antechinus stuartii",3,"passing trap, ran away","","6_3","24/07/2018 2:13:00","2018-07-24 02:13:00",0,0,0,0,1
"IMG_0031 to IMG_0040",6,"18","Reconyx","24/07/2018","5:35:00","Antechinus stuartii",3,"stayed on log relatively stationary","","6_18","24/07/2018 5:35:00","2018-07-24 05:35:00",0,0,0,0,1
"IMAG0003",6,"Cage","Scoutguard","25/07/2022","15:10:12","Human",1,"Image of human setting up trap","","6_Cage","25/07/2022 15:10:12","2022-07-25 15:10:12",0,0,0,0,2
"IMAG0009",6,"Cage","Scoutguard","25/07/2022","15:19:25","Human",NA,"","","6_Cage","25/07/2022 15:19:25","2022-07-25 15:19:25",553,9.2,0.2,0,1
"IMAG0026",6,"Cage","Scoutguard","27/07/2022","9:13:00","Human",NA,"","","6_Cage","27/07/2022 9:13:00","2022-07-27 09:13:00",150815,2513.6,41.9,1.7,2
"IMAG0010",6,"22","Scoutguard","30/07/2019","0:15:00","Melomys cervinipes",3,"stationary on vine","","6_22","30/07/2019 0:15:00","2019-07-30 00:15:00",0,0,0,0,1
"IMAG0097",6,"6","Scoutguard","31/07/2019","6:56:00","Menura novaehollandiae",3,"walking","","6_6","31/07/2019 6:56:00","2019-07-31 06:56:00",0,0,0,0,2
"IMAG0028",6,"18","Scoutguard","31/07/2019","7:34:00","Menura novaehollandiae",3,"walking","","6_18","31/07/2019 7:34:00","2019-07-31 07:34:00",0,0,0,0,1
"IMAG0112",6,"6","Scoutguard","31/07/2019","10:00:00","Menura novaehollandiae",3,"walking","","6_6","31/07/2019 10:00:00","2019-07-31 10:00:00",11040,184,3.1,0.1,1
"IMAG0040 ",6,"3","Scoutguard","29/07/2019","20:24:00","Perameles nasuta",2,"walking past frame","","6_3","29/07/2019 20:24:00","2019-07-29 20:24:00",0,0,0,0,1
"IMAG0041",6,"3","Scoutguard","30/07/2019","20:24:00","Perameles nasuta",2,"walking past frame","","6_3","30/07/2019 20:24:00","2019-07-30 20:24:00",86400,1440,24,1,1
"IMAG0042",6,"3","Scoutguard","31/07/2019","20:24:00","Perameles nasuta",2,"walking past frame","","6_3","31/07/2019 20:24:00","2019-07-31 20:24:00",86400,1440,24,1,1
"IMG_0024",6,"14","Reconyx","25/07/2018","12:42:00","Pomatostomus superciliosus",3,"just still","","6_14","25/07/2018 12:42:00","2018-07-25 12:42:00",0,0,0,0,1
"IMG_0041 to IMG_0046",6,"18","Reconyx","24/07/2018","10:50:00","Pycnonotus jocosus",2,"flew onto log a few seconds then left","bird, common name Red-Whiskered Bulbul, agree with Chris Dickman on ID, ruled out Eastern Whipbird","6_18","24/07/2018 10:50:00","2018-07-24 10:50:00",0,0,0,0,1
"IMG_0041 to IMG_0050",6,"22","Reconyx","24/07/2018","1:46:00","Rattus fuscipes",3,"Small movements near the opening of trap","","6_22","24/07/2018 1:46:00","2018-07-24 01:46:00",0,0,0,0,1
"IMAG0361",6,"3","Reconyx","24/07/2018","3:51:00","Rattus fuscipes",3,"looking around, didn't approach trap","","6_3","24/07/2018 3:51:00","2018-07-24 03:51:00",0,0,0,0,1
"IMAG0002",6,"Cage","Scoutguard","24/07/2018","4:09:00","Rattus fuscipes",3,"entered and exited cage trap twice, trap remained open","","6_Cage","24/07/2018 4:09:00","2018-07-24 04:09:00",0,0,0,0,1
"IMAG0003",6,"Cage","Scoutguard","24/07/2018","5:47:00","Rattus fuscipes",2,"walked near trap but did not get close to entrance","","6_Cage","24/07/2018 5:47:00","2018-07-24 05:47:00",5880,98,1.6,0.1,2
"IMAG0005",6,"Cage","Scoutguard","24/07/2018","6:00:00","Rattus fuscipes",3,"skirted along nearby log, did not approach the trap","","6_Cage","24/07/2018 6:00:00","2018-07-24 06:00:00",780,13,0.2,0,1
"IMAG0006",6,"Cage","Scoutguard","24/07/2018","18:06:00","Rattus fuscipes",3,"skirted along and had a long pause on nearby log, did not approach trap","","6_Cage","24/07/2018 18:06:00","2018-07-24 18:06:00",43560,726,12.1,0.5,1
"IMAG0007",6,"Cage","Scoutguard","24/07/2018","18:25:00","Rattus fuscipes",3,"skirted along nearby log, did not approach the trap","","6_Cage","24/07/2018 18:25:00","2018-07-24 18:25:00",1140,19,0.3,0,1
"IMAG0008",6,"Cage","Scoutguard","24/07/2018","18:36:00","Rattus fuscipes",3,"skirted along nearby log, did not approach the trap","","6_Cage","24/07/2018 18:36:00","2018-07-24 18:36:00",660,11,0.2,0,1
"IMAG0010",6,"Cage","Scoutguard","26/07/2018","4:07:00","Rattus fuscipes",3,"poked around and skirted along nearby log, did not approach trap","","6_Cage","26/07/2018 4:07:00","2018-07-26 04:07:00",120660,2011,33.5,1.4,1
"IMAG0011",6,"Cage","Scoutguard","26/07/2018","4:18:00","Rattus fuscipes",3,"approached trap, then skirted away along nearby log","","6_Cage","26/07/2018 4:18:00","2018-07-26 04:18:00",660,11,0.2,0,1
"IMAG0431",6,"3","Reconyx","26/07/2018","5:20:00","Rattus fuscipes",3,"looking around, didn't approach trap","","6_3","26/07/2018 5:20:00","2018-07-26 05:20:00",178140,2969,49.5,2.1,1
"IMAG0015",6,"Cage","Scoutguard","27/07/2018","1:41:00","Rattus fuscipes",1,"hiding under nearby groundcover, did not approach trap","","6_Cage","27/07/2018 1:41:00","2018-07-27 01:41:00",76980,1283,21.4,0.9,1
"IMAG0016",6,"Cage","Scoutguard","27/07/2018","1:48:00","Rattus fuscipes",2,"cautiously approached trap twice from nearby groundcover","","6_Cage","27/07/2018 1:48:00","2018-07-27 01:48:00",420,7,0.1,0,2
"IMAG0018",6,"Cage","Scoutguard","27/07/2018","3:25:00","Rattus fuscipes",1,"darted quickly on and off nearby log, did not approach trap","","6_Cage","27/07/2018 3:25:00","2018-07-27 03:25:00",5820,97,1.6,0.1,1
"IMAG0451",6,"3","Reconyx","27/07/2018","3:55:00","Rattus fuscipes",3,"looking around, didn't approach trap","","6_3","27/07/2018 3:55:00","2018-07-27 03:55:00",81300,1355,22.6,0.9,1
"IMAG0019",6,"Cage","Scoutguard","27/07/2018","4:14:00","Rattus fuscipes",2,"entered trap with little caution. stayed there for duration of clip. Trap door remained open.","","6_Cage","27/07/2018 4:14:00","2018-07-27 04:14:00",2940,49,0.8,0,1
"IMAG0020",6,"Cage","Scoutguard","27/07/2018","5:02:00","Rattus fuscipes",2,"hung out in nearby groundcover in front of trap. Did not approach trap.","","6_Cage","27/07/2018 5:02:00","2018-07-27 05:02:00",2880,48,0.8,0,2
"IMAG0023",6,"Cage","Scoutguard","27/07/2018","5:08:00","Rattus fuscipes",2,"hung out on fallen branches near trap, looked at trap but did not approach","","6_Cage","27/07/2018 5:08:00","2018-07-27 05:08:00",360,6,0.1,0,2
"IMAG0025",6,"Cage","Scoutguard","27/07/2018","5:20:00","Rattus fuscipes",3,"skirted up/down nearby shrub and around nearby logs , did not approach trap","","6_Cage","27/07/2018 5:20:00","2018-07-27 05:20:00",720,12,0.2,0,3
"IMAG0040 ",6,"18","Scoutguard","8/01/2019","2:32:00","Rattus fuscipes",3,"scurrying around","","6_18","8/01/2019 2:32:00","2019-01-08 02:32:00",0,0,0,0,1
"IMAG0043",6,"14","Scoutguard","29/07/2019","22:00:00","Rattus fuscipes",3,"sitting ","","6_14","29/07/2019 22:00:00","2019-07-29 22:00:00",0,0,0,0,1
"IMAG0052",6,"14","Scoutguard","31/07/2019","19:04:00","Rattus fuscipes",3,"scurrying around","","6_14","31/07/2019 19:04:00","2019-07-31 19:04:00",162240,2704,45.1,1.9,1
"IMAG0041",6,"18","Scoutguard","1/08/2019","2:32:00","Rattus fuscipes",3,"scurrying around","","6_18","1/08/2019 2:32:00","2019-08-01 02:32:00",17712000,295200,4920,205,1
"IMAG0006.AVI",6,"Cage","Scoutguard","1/08/2019","3:57:00","Rattus fuscipes",3,"inspecting trap","","6_Cage","1/08/2019 3:57:00","2019-08-01 03:57:00",31963020,532717,8878.6,369.9,1
"IMG_0167",6,"6","Reconyx","26/07/2022","2:35:00","Rattus fuscipes",1,"approaches trap","Image","6_6","26/07/2022 2:35:00","2022-07-26 02:35:00",0,0,0,0,4
"IMAG0020",6,"Cage","Scoutguard","27/07/2022","0:35:19","Rattus fuscipes",2,"appears in front of trap entrance","image","6_Cage","27/07/2022 0:35:19","2022-07-27 00:35:19",94250299,1570838.3,26180.6,1090.9,4
"IMG_0066",6,"22","Reconyx","27/07/2022","4:49:27","Rattus fuscipes",3,"walking into frame","trap door already closed - possible antechinus that was recorded in data sheet on day 27/07/2022","6_22","27/07/2022 4:49:27","2022-07-27 04:49:27",126500607,2108343.5,35139.1,1464.1,18
"IMG_0084",6,"22","Reconyx","27/07/2022","4:55:14","Rattus fuscipes",3,"circling around next to trap","trap door already closed - possible antechinus that was recorded in data sheet on day 27/07/2022","6_22","27/07/2022 4:55:14","2022-07-27 04:55:14",347,5.8,0.1,0,3
"IMAG0022",6,"6","Scoutguard","29/07/2019","22:33:00","Trichosurus caninus",3,"inspecting trap","","6_6","29/07/2019 22:33:00","2019-07-29 22:33:00",0,0,0,0,2
"IMG_0109",6,"3","Reconyx","26/07/2022","19:09:59","Unknown",1,"eyeshine on outskirts of trap","Image","6_3","26/07/2022 19:09:59","2022-07-26 19:09:59",0,0,0,0,1
"IMG_0001",7,"22","Reconyx ","25/07/2022","11:02:00","",NA,"","Start of sequence, person triggered camera","7_22","25/07/2022 11:02:00","2022-07-25 11:02:00",0,0,0,0,1
"IMG_0001.JPG",7,"9","Reconyx ","25/07/2022","11:29:01","",NA,"leg in field of view","","7_9","25/07/2022 11:29:01","2022-07-25 11:29:01",0,0,0,0,1
"IMAG0001",7,"Cage","Scoutguard","25/07/2022","12:06:00","",NA,"","Day 1 SD card - camera faulty, did not catch anything other than people. Date incorrect - 1 day ahead.","7_Cage","25/07/2022 12:06:00","2022-07-25 12:06:00",0,0,0,0,1
"IMG_0001",7,"14","Reconyx","25/07/2022","13:00:00","",NA,"","Vegetation movement + students","7_14","25/07/2022 13:00:00","2022-07-25 13:00:00",0,0,0,0,1
"IMG_0019.JPG",7,"9","Reconyx ","25/07/2022","13:00:00","",NA,"false trigger","","7_9","25/07/2022 13:00:00","2022-07-25 13:00:00",5459,91,1.5,0.1,1
"IMG_0001",7,"3","Reconyx","25/07/2022","14:00:00","",NA,"","Misfire","7_3","25/07/2022 14:00:00","2022-07-25 14:00:00",0,0,0,0,1
"IMG_0020.JPG",7,"9","Reconyx ","25/07/2022","15:10:40","",NA,"someone moving in field of view until img_0046 3:20:22pm","","7_9","25/07/2022 15:10:40","2022-07-25 15:10:40",7840,130.7,2.2,0.1,1
"IMG_0005",7,"3","Reconyx","25/07/2022","15:27:00","",NA,"","Misfire","7_3","25/07/2022 15:27:00","2022-07-25 15:27:00",5220,87,1.4,0.1,1
"IMG_0012",7,"3","Reconyx","25/07/2022","17:17:00","",NA,"","Misfire","7_3","25/07/2022 17:17:00","2022-07-25 17:17:00",6600,110,1.8,0.1,1
"IMG_0058 ",7,"22","Reconyx ","25/07/2022","19:53:00","",NA,"","start of sequence ","7_22","25/07/2022 19:53:00","2022-07-25 19:53:00",31860,531,8.8,0.4,1
"IMG_0064",7,"22","Reconyx ","25/07/2022","19:59:00","",NA,"","false trigger, start of sequence ","7_22","25/07/2022 19:59:00","2022-07-25 19:59:00",360,6,0.1,0,3
"IMG_0035",7,"3","Reconyx","26/07/2022","9:36:00","",NA,"","Resetting trap and misfires","7_3","26/07/2022 9:36:00","2022-07-26 09:36:00",58740,979,16.3,0.7,1
"IMG_0002",7,"14","Reconyx","26/07/2022","10:00:00","",NA,"","Vegetation movement + students","7_14","26/07/2022 10:00:00","2022-07-26 10:00:00",75600,1260,21,0.9,1
"IMG_0046",7,"18","Reconyx ","26/07/2022","10:00:00","",NA,"","false trigger","7_18","26/07/2022 10:00:00","2022-07-26 10:00:00",0,0,0,0,1
"IMG_0173.JPG",7,"9","Reconyx ","26/07/2022","10:00:00","",3,"false trigger","","7_9","26/07/2022 10:00:00","2022-07-26 10:00:00",67760,1129.3,18.8,0.8,1
"IMG_0174.JPG",7,"9","Reconyx ","26/07/2022","10:15:20","",3,"human in field of view","","7_9","26/07/2022 10:15:20","2022-07-26 10:15:20",920,15.3,0.3,0,1
"IMAG0034",7,"Cage","Scoutguard","26/07/2022","10:45:00","",NA,"","Day 1 SD card - camera faulty, did not catch anything other than people. Date incorrect - 1 day ahead.","7_Cage","26/07/2022 10:45:00","2022-07-26 10:45:00",81540,1359,22.6,0.9,2
"IMG_0048",7,"14","Reconyx","26/07/2022","13:00:00","",NA,"","Vegetation movement + students","7_14","26/07/2022 13:00:00","2022-07-26 13:00:00",10800,180,3,0.1,1
"IMG_0045",7,"3","Reconyx","26/07/2022","14:00:00","",NA,"","Resetting trap and misfires","7_3","26/07/2022 14:00:00","2022-07-26 14:00:00",15840,264,4.4,0.2,1
"IMG_0050",7,"18","Reconyx ","26/07/2022","14:00:00","",NA,"","false trigger ","7_18","26/07/2022 14:00:00","2022-07-26 14:00:00",14400,240,4,0.2,1
"IMG_0050",7,"3","Reconyx","26/07/2022","20:39:00","",NA,"","Misfire","7_3","26/07/2022 20:39:00","2022-07-26 20:39:00",23940,399,6.7,0.3,1
"IMG_0076",7,"18","Reconyx ","26/07/2022","23:40:00","",NA,"","false trigger ","7_18","26/07/2022 23:40:00","2022-07-26 23:40:00",34800,580,9.7,0.4,1
"IMG_0052",7,"3","Reconyx","27/07/2022","9:37:00","",NA,"","Trap packup","7_3","27/07/2022 9:37:00","2022-07-27 09:37:00",46680,778,13,0.5,1
"IMG_0056",7,"3","Reconyx","27/07/2022","9:42:00","",NA,"","Trap packup","7_3","27/07/2022 9:42:00","2022-07-27 09:42:00",300,5,0.1,0,1
"IMG_0055",7,"14","Reconyx","27/07/2022","10:00:00","",NA,"","Vegetation movement + students","7_14","27/07/2022 10:00:00","2022-07-27 10:00:00",75600,1260,21,0.9,1
"IMG_0253.JPG",7,"9","Reconyx ","27/07/2022","10:00:00","",3,"false trigger","","7_9","27/07/2022 10:00:00","2022-07-27 10:00:00",85480,1424.7,23.7,1,1
"IMAG_0037",7,"Cage","Scoutguard","27/07/2022","10:41:00","",NA,"","Day 2 SD card - replaced camera from Day 1 SD card. Misfire","7_Cage","27/07/2022 10:41:00","2022-07-27 10:41:00",86160,1436,23.9,1,1
"IMG_0142",7,"14","Reconyx","27/07/2022","10:52:00","",NA,"","Vegetation movement + students","7_14","27/07/2022 10:52:00","2022-07-27 10:52:00",3120,52,0.9,0,1
"IMAG002",7,"Cage","Scoutguard","24/07/2018","2:42:00","Antechinus stuartii",2,"Explores around and in cage","","7_Cage","24/07/2018 2:42:00","2018-07-24 02:42:00",0,0,0,0,1
"IMAG005",7,"Cage","Scoutguard","24/07/2018","3:59:00","Antechinus stuartii",2,"Explores around and in cage","","7_Cage","24/07/2018 3:59:00","2018-07-24 03:59:00",4620,77,1.3,0.1,1
"IMAG009",7,"Cage","Scoutguard","24/07/2018","5:08:00","Antechinus stuartii",2,"Explores around and in cage","","7_Cage","24/07/2018 5:08:00","2018-07-24 05:08:00",4140,69,1.1,0,1
"IMAG0014",7,"6","Scoutguard","30/07/2019","1:54:00","Antechinus stuartii",3,"Runs in front of trap","","7_6","30/07/2019 1:54:00","2019-07-30 01:54:00",0,0,0,0,1
"IMAG0077",7,"3","Scoutguard","30/07/2019","17:53:00","Antechinus stuartii",3,"Went into trap, trap not triggered","","7_3","30/07/2019 17:53:00","2019-07-30 17:53:00",0,0,0,0,1
"IMAG0202",7,"6","Scoutguard","31/07/2019","0:11:00","Antechinus stuartii",2,"Runs around the front of trap","","7_6","31/07/2019 0:11:00","2019-07-31 00:11:00",80220,1337,22.3,0.9,1
"IMAG0118",7,"3","Scoutguard","31/07/2019","23:20:00","Antechinus stuartii",3,"Enters trap, trap not triggered","","7_3","31/07/2019 23:20:00","2019-07-31 23:20:00",106020,1767,29.4,1.2,1
"IMAG0127",7,"3","Scoutguard","1/08/2019","3:17:00","Antechinus stuartii",3,"Enters trap, does not trigger trap","","7_3","1/08/2019 3:17:00","2019-08-01 03:17:00",14220,237,4,0.2,1
"IMAG0127",7,"9","Scoutguard","1/08/2019","3:17:00","Antechinus stuartii",3,"Enters trap, but doesn't trigger it, eats bait","","7_9","1/08/2019 3:17:00","2019-08-01 03:17:00",0,0,0,0,1
"IMG_0017",7,"3","Reconyx","25/07/2022","22:41:00","Antechinus stuartii",3,"Inspecting trap around sides/vents but does not enter.","","7_3","25/07/2022 22:41:00","2022-07-25 22:41:00",94159440,1569324,26155.4,1089.8,2
"IMG_0158.JPG",7,"9","Reconyx ","26/07/2022","0:47:04","Antechinus stuartii",2,"antechinous appears at what would have been the open end of the trap if the possum hadn't disturbed it ","","7_9","26/07/2022 0:47:04","2022-07-26 00:47:04",94167004,1569450.1,26157.5,1089.9,3
"IMG_0046",7,"3","Reconyx","26/07/2022","20:39:00","Antechinus stuartii",3,"Inspecting trap for short period, appears to get scared and leaves.","","7_3","26/07/2022 20:39:00","2022-07-26 20:39:00",79080,1318,22,0.9,1
"IMG_0049",7,"14","Reconyx","26/07/2022","21:55:00","Antechinus stuartii",3,"Crossing log near trap","","7_14","26/07/2022 21:55:00","2022-07-26 21:55:00",0,0,0,0,1
"IMG_0075",7,"18","Reconyx ","26/07/2022","23:40:00","Antechinus stuartii",1,"blurry image, at entrance of trap ","","7_18","26/07/2022 23:40:00","2022-07-26 23:40:00",0,0,0,0,1
"IMG_0244.JPG",7,"9","Reconyx ","26/07/2022","23:50:21","Antechinus stuartii",2,"appears at closed end of trap, moves around exploring but does not enter or trigger the trap","","7_9","26/07/2022 23:50:21","2022-07-26 23:50:21",82997,1383.3,23.1,1,2
"IMG_0078",7,"18","Reconyx ","27/07/2022","4:10:00","Antechinus stuartii",3,"investigating trap, start of sequence ","","7_18","27/07/2022 4:10:00","2022-07-27 04:10:00",16200,270,4.5,0.2,5
"IMG_0091",7,"18","Reconyx ","27/07/2022","4:53:00","Antechinus stuartii",3,"near trap, start of sequence ","","7_18","27/07/2022 4:53:00","2022-07-27 04:53:00",2580,43,0.7,0,1
"IMG_0052",7,"14","Reconyx","27/07/2022","4:57:00","Antechinus stuartii",3,"Moving away from camera and trap, over log into grass","","7_14","27/07/2022 4:57:00","2022-07-27 04:57:00",25320,422,7,0.3,1
"IMG_0095",7,"18","Reconyx ","27/07/2022","4:58:00","Antechinus stuartii",3,"investigating trap ","","7_18","27/07/2022 4:58:00","2022-07-27 04:58:00",300,5,0.1,0,3
"IMG_0100",7,"18","Reconyx ","27/07/2022","5:03:00","Antechinus stuartii",3,"moving toward trap ","","7_18","27/07/2022 5:03:00","2022-07-27 05:03:00",300,5,0.1,0,1
"IMG_0126",7,"18","Reconyx ","27/07/2022","5:12:00","Antechinus stuartii",3,"moving down log infront of trap, start of sequence ","","7_18","27/07/2022 5:12:00","2022-07-27 05:12:00",540,9,0.1,0,1
"IMG0337",7,"6","Reconyx","27/07/2022","8:01:22","Brush Turkey",3,"","","7_6","27/07/2022 8:01:22","2022-07-27 08:01:22",0,0,0,0,1
"IMAG0032",7,"3","Scoutguard","29/07/2019","17:23:00","Eopsaltria australis",2,"Hops around outside of trap","","7_3","29/07/2019 17:23:00","2019-07-29 17:23:00",0,0,0,0,1
"IMAG0046",7,"Cage","Scoutguard","25/07/2018","21:51:00","Felis catus",3,"Enters most of body into cage, scares itself and causes trap to shut","","7_Cage","25/07/2018 21:51:00","2018-07-25 21:51:00",0,0,0,0,1
"IMG_0054",7,"22","Reconyx ","25/07/2022","3:59:00","Human",3,"","End of sequence, triggered by person","7_22","25/07/2022 3:59:00","2022-07-25 03:59:00",0,0,0,0,1
"IMG_0073",7,"22","Reconyx ","26/07/2022","9:31:00","Human",3,"","person trigger, start of sequence ","7_22","26/07/2022 9:31:00","2022-07-26 09:31:00",106320,1772,29.5,1.2,1
"IMG_0047",7,"18","Reconyx ","26/07/2022","10:10:00","Human",3,"","person trigger, start of sequence ","7_18","26/07/2022 10:10:00","2022-07-26 10:10:00",0,0,0,0,1
"IMG_0123",7,"22","Reconyx ","27/07/2022","9:57:00","Human",3,"","person trigger, end of sequence ","7_22","27/07/2022 9:57:00","2022-07-27 09:57:00",87960,1466,24.4,1,1
"IMG_0138",7,"18","Reconyx ","27/07/2022","10:00:00","Human",3,"","trigged by person ","7_18","27/07/2022 10:00:00","2022-07-27 10:00:00",85800,1430,23.8,1,1
"IMG_0088",7,"14","Reconyx","25/07/2018","6:54:00","Isoodon macrourus",2,"Side on view, runs around the trap","","7_14","25/07/2018 6:54:00","2018-07-25 06:54:00",0,0,0,0,1
"IMAG0016",7,"22","Scoutguard","31/07/2019","11:50:00","Macropus rufogriseus",3,"Stands looking at trap","","7_22","31/07/2019 11:50:00","2019-07-31 11:50:00",0,0,0,0,1
"IMG0203",7,"6","Reconyx","25/07/2022","7:38:54","Menura novaehollandiae",3,"","","7_6","25/07/2022 7:38:54","2022-07-25 07:38:54",0,0,0,0,1
"IMG_0008",7,"3","Reconyx","25/07/2022","17:17:00","Orthonyx temminckii",3,"Australian logrunner - hopping at base of tree, ran off suddenly before returning","","7_3","25/07/2022 17:17:00","2022-07-25 17:17:00",0,0,0,0,1
"IMG_0032",7,"14","Reconyx","25/07/2018","4:33:00","Rattus fuscipes",3,"Looks into the camera, enters trap","","7_14","25/07/2018 4:33:00","2018-07-25 04:33:00",0,0,0,0,1
"IMG_0108",7,"14","Reconyx","26/07/2018","2:37:00","Rattus fuscipes",3,"Runs around the trap and enters trap, curious about the camera","","7_14","26/07/2018 2:37:00","2018-07-26 02:37:00",79440,1324,22.1,0.9,1
"IMG_0055",7,"22","Reconyx","26/07/2018","3:42:00","Rattus fuscipes",3,"Predominately still, moves head to look around","","7_22","26/07/2018 3:42:00","2018-07-26 03:42:00",0,0,0,0,1
"IMG_0164",7,"14","Reconyx","26/07/2018","5:12:00","Rattus fuscipes",2,"Hides under the log","","7_14","26/07/2018 5:12:00","2018-07-26 05:12:00",9300,155,2.6,0.1,1
"IMG_0141",7,"14","Reconyx","26/07/2018","22:04:00","Rattus fuscipes",2,"Hides under the log","","7_14","26/07/2018 22:04:00","2018-07-26 22:04:00",60720,1012,16.9,0.7,1
"IMAG0034",7,"3","Scoutguard","29/07/2019","19:34:00","Rattus fuscipes",3,"Ran across camera view","","7_3","29/07/2019 19:34:00","2019-07-29 19:34:00",0,0,0,0,1
"IMAG0025",7,"14","Scoutguard","31/07/2019","1:29:00","Rattus fuscipes",2,"Moves into trap, trap not triggered.","","7_14","31/07/2019 1:29:00","2019-07-31 01:29:00",31893900,531565,8859.4,369.1,1
"IMAG0014",7,"Cage","Scoutguard","31/07/2019","20:02:00","Rattus fuscipes",3,"Sits on top of open cage, and explores around, enters trap","","7_Cage","31/07/2019 20:02:00","2019-07-31 20:02:00",0,0,0,0,1
"IMAG0097",7,"3","Scoutguard","31/07/2019","21:24:00","Rattus fuscipes",3,"Enters trap, explores around, does not trigger trap","","7_3","31/07/2019 21:24:00","2019-07-31 21:24:00",179400,2990,49.8,2.1,1
"IMAG0123",7,"3","Scoutguard","31/07/2019","23:27:00","Rattus fuscipes",3,"Enters trap, does not trigger trap.","","7_3","31/07/2019 23:27:00","2019-07-31 23:27:00",7380,123,2,0.1,1
"IMG0197",7,"6","Reconyx","25/07/2022","11:53:00","Rattus fuscipes",2,"Moving across image","","7_6","25/07/2022 11:53:00","2022-07-25 11:53:00",0,0,0,0,6
"IMG_0055",7,"22","Reconyx ","25/07/2022","19:52:00","Rattus fuscipes",3,"Eye detected, moving to tree stump ","","7_22","25/07/2022 19:52:00","2022-07-25 19:52:00",126202200,2103370,35056.2,1460.7,1
"IMG_0061",7,"22","Reconyx ","25/07/2022","19:59:00","Rattus fuscipes",3,"Bush rat back on tree stump","","7_22","25/07/2022 19:59:00","2022-07-25 19:59:00",420,7,0.1,0,4
"IMG_0001",7,"18","Reconyx ","25/07/2022","21:54:00","Rattus fuscipes",3,"investigating Trap","start of sequence ","7_18","25/07/2022 21:54:00","2022-07-25 21:54:00",0,0,0,0,1
"IMG_0051",7,"18","Reconyx ","26/07/2022","19:15:00","Rattus fuscipes",3,"Investigating trap, start of sequence ","","7_18","26/07/2022 19:15:00","2022-07-26 19:15:00",76860,1281,21.4,0.9,2
"IMG_0129",7,"18","Reconyx ","27/07/2022","5:35:00","Rattus fuscipes",2,"moving around trap ","","7_18","27/07/2022 5:35:00","2022-07-27 05:35:00",37200,620,10.3,0.4,1
"IMG_0135",7,"18","Reconyx ","27/07/2022","5:47:00","Rattus fuscipes",2,"at edge of screen ","","7_18","27/07/2022 5:47:00","2022-07-27 05:47:00",720,12,0.2,0,1
"IMG_0002",7,"3","Reconyx","25/07/2022","15:27:00","Sericornis frontalis",3,"White-browed scrubwren - hopping at base of tree","","7_3","25/07/2022 15:27:00","2022-07-25 15:27:00",0,0,0,0,1
"IMAG0191",7,"6","Scoutguard","30/07/2019","20:13:00","Trichosurus vulpecula",3,"Runs past trap","","7_6","30/07/2019 20:13:00","2019-07-30 20:13:00",0,0,0,0,1
"IMG_0047.JPG",7,"9","Reconyx ","25/07/2022","20:05:05","Trichosurus vulpecula",3,"face (nose, eyes and ears) of animal first appear bottom left of field of view","","7_9","25/07/2022 20:05:05","2022-07-25 20:05:05",0,0,0,0,30
"IMG_0157.JPG",7,"9","Reconyx ","25/07/2022","20:13:21","Trichosurus vulpecula",3,"possum continues inspecting but eventually gives up","","7_9","25/07/2022 20:13:21","2022-07-25 20:13:21",496,8.3,0.1,0,1
"IMG_0170.JPG",7,"9","Reconyx ","26/07/2022","5:25:18","unknown rodent",1,"appears bottom left of field of view and then disappears. sus Antechinus stuartii","","7_9","26/07/2022 5:25:18","2022-07-26 05:25:18",0,0,0,0,1
"IMAG0028.JPG",8,"Cage","Scoutguard","1/08/2019","3:08:00","Antechinus stuartii",2,"Enters trap, but does not trigger mechanism","","8_Cage","1/08/2019 3:08:00","2019-08-01 03:08:00",0,0,0,0,1
"",8,"9","Reconyx","25/07/2018","11:28:00","Lichenostomus melanops",3,"Standing in front of camera","","8_9","25/07/2018 11:28:00","2018-07-25 11:28:00",0,0,0,0,1
"IMAG0046.AVI",8,"Cage","Scoutguard","26/07/2018","12:02:00","Menura novaehollandiae",3,"Explores area around the trap","","8_Cage","26/07/2018 12:02:00","2018-07-26 12:02:00",0,0,0,0,1
"",8,"9","Reconyx","25/07/2018","12:10:00","Pomatostomus superciliosus",2,"Exploring ground around trap","","8_9","25/07/2018 12:10:00","2018-07-25 12:10:00",0,0,0,0,1
"",8,"3","Reconyx","23/07/2018","22:22:17","Rattus fuscipes",3,"Exploring trap, didn't enter","","8_3","23/07/2018 22:22:17","2018-07-23 22:22:17",0,0,0,0,1
"",8,"3","Reconyx","23/07/2018","23:38:25","Rattus fuscipes",3,"Exploring trap, didn't enter","","8_3","23/07/2018 23:38:25","2018-07-23 23:38:25",4568,76.1,1.3,0.1,1
"",8,"3","Reconyx","24/07/2018","2:22:11","Rattus fuscipes",2,"Entered field of view but did not inspect trap","","8_3","24/07/2018 2:22:11","2018-07-24 02:22:11",9826,163.8,2.7,0.1,1
"",8,"3","Reconyx","24/07/2018","19:26:33","Rattus fuscipes",3,"Explores areas for several minutes, stands on top of trap","","8_3","24/07/2018 19:26:33","2018-07-24 19:26:33",61462,1024.4,17.1,0.7,1
"",8,"3","Reconyx","25/07/2018","1:43:59","Rattus fuscipes",3,"Explores area","","8_3","25/07/2018 1:43:59","2018-07-25 01:43:59",22646,377.4,6.3,0.3,1
"IMAG0015.AVI",8,"Cage","Scoutguard","25/07/2018","2:08:00","Rattus fuscipes",3,"Explores trap but bites the bag","","8_Cage","25/07/2018 2:08:00","2018-07-25 02:08:00",0,0,0,0,3
"IMAG0018.AVI",8,"Cage","Scoutguard","25/07/2018","2:14:00","Rattus fuscipes",3,"Enters trap, eats, but does not trigger mechanism","","8_Cage","25/07/2018 2:14:00","2018-07-25 02:14:00",360,6,0.1,0,2
"IMAG0020.AVI",8,"Cage","Scoutguard","25/07/2018","2:34:00","Rattus fuscipes",3,"Explores area","","8_Cage","25/07/2018 2:34:00","2018-07-25 02:34:00",1200,20,0.3,0,2
"IMAG0022.AVI",8,"Cage","Scoutguard","25/07/2018","2:41:00","Rattus fuscipes",3,"Explores area","","8_Cage","25/07/2018 2:41:00","2018-07-25 02:41:00",420,7,0.1,0,2
"IMAG0024.AVI",8,"Cage","Scoutguard","25/07/2018","3:11:00","Rattus fuscipes",3,"Enters trap, eats, but does not trigger mechanism","","8_Cage","25/07/2018 3:11:00","2018-07-25 03:11:00",1800,30,0.5,0,2
"IMAG0026.AVI",8,"Cage","Scoutguard","25/07/2018","3:17:00","Rattus fuscipes",3,"Enters trap, eats, but does not trigger mechanism","","8_Cage","25/07/2018 3:17:00","2018-07-25 03:17:00",360,6,0.1,0,1
"",8,"3","Reconyx","25/07/2018","4:04:55","Rattus fuscipes",3,"Explores entrance to trap, doesn't appear to enter","","8_3","25/07/2018 4:04:55","2018-07-25 04:04:55",8456,140.9,2.3,0.1,1
"IMAG0027.AVI",8,"Cage","Scoutguard","25/07/2018","4:28:00","Rattus fuscipes",3,"Enters trap, eats, but does not trigger mechanism","","8_Cage","25/07/2018 4:28:00","2018-07-25 04:28:00",4260,71,1.2,0,1
"IMAG0028.AVI",8,"Cage","Scoutguard","25/07/2018","4:36:00","Rattus fuscipes",3,"Exits trap","","8_Cage","25/07/2018 4:36:00","2018-07-25 04:36:00",480,8,0.1,0,1
"",8,"3","Reconyx","25/07/2018","4:43:10","Rattus fuscipes",2,"Explores entrance to trap, doesn't appear to enter","","8_3","25/07/2018 4:43:10","2018-07-25 04:43:10",2295,38.2,0.6,0,1
"",8,"3","Reconyx","25/07/2018","5:13:50","Rattus fuscipes",3,"Explores trap but does not appear to enter","","8_3","25/07/2018 5:13:50","2018-07-25 05:13:50",1840,30.7,0.5,0,1
"IMAG0030.AVI",8,"Cage","Scoutguard","25/07/2018","5:37:00","Rattus fuscipes",3,"Enters trap, eats, but does not trigger mechanism","","8_Cage","25/07/2018 5:37:00","2018-07-25 05:37:00",3660,61,1,0,1
"IMAG0031.AVI",8,"Cage","Scoutguard","25/07/2018","5:48:00","Rattus fuscipes",3,"Enters trap, eats, but does not trigger mechanism","","8_Cage","25/07/2018 5:48:00","2018-07-25 05:48:00",660,11,0.2,0,1
"",8,"3","Reconyx","25/07/2018","18:58:28","Rattus fuscipes",3,"Explores trap area for several minutes, and then may enter","","8_3","25/07/2018 18:58:28","2018-07-25 18:58:28",49478,824.6,13.7,0.6,1
"",8,"9","Reconyx","25/07/2018","21:27:00","Rattus fuscipes",3,"Standing on top of trap","","8_9","25/07/2018 21:27:00","2018-07-25 21:27:00",0,0,0,0,1
"",8,"9","Reconyx","25/07/2018","22:49:00","Rattus fuscipes",3,"Exploring trap, didn't enter","","8_9","25/07/2018 22:49:00","2018-07-25 22:49:00",4920,82,1.4,0.1,2
"",8,"9","Reconyx","25/07/2018","22:58:07","Rattus fuscipes",3,"Exploring entrance of trap, didn't enter","","8_9","25/07/2018 22:58:07","2018-07-25 22:58:07",547,9.1,0.2,0,4
"",8,"9","Reconyx","25/07/2018","23:14:28","Rattus fuscipes",3,"Exploring trap, didn't enter","","8_9","25/07/2018 23:14:28","2018-07-25 23:14:28",981,16.4,0.3,0,1
"",8,"9","Reconyx","25/07/2018","23:55:12","Rattus fuscipes",3,"Exploring trap, didn't enter","","8_9","25/07/2018 23:55:12","2018-07-25 23:55:12",2444,40.7,0.7,0,6
"",8,"9","Reconyx","26/07/2018","0:51:49","Rattus fuscipes",3,"Exploring wrong end of trap","","8_9","26/07/2018 0:51:49","2018-07-26 00:51:49",3397,56.6,0.9,0,1
"",8,"9","Reconyx","26/07/2018","2:02:18","Rattus fuscipes",3,"Edge of view","","8_9","26/07/2018 2:02:18","2018-07-26 02:02:18",4229,70.5,1.2,0,1
"IMAG0049.AVI",8,"Cage","Scoutguard","26/07/2018","23:07:00","Rattus fuscipes",3,"Enters trap, but does not trigger mechanism","","8_Cage","26/07/2018 23:07:00","2018-07-26 23:07:00",148740,2479,41.3,1.7,2
"IMAG0051.AVI",8,"Cage","Scoutguard","26/07/2018","23:13:00","Rattus fuscipes",3,"Enters trap, eats, but does not trigger mechanism","","8_Cage","26/07/2018 23:13:00","2018-07-26 23:13:00",360,6,0.1,0,1
"",8,"3","Reconyx","27/07/2018","1:44:03","Rattus fuscipes",3,"Exploring area","","8_3","27/07/2018 1:44:03","2018-07-27 01:44:03",110735,1845.6,30.8,1.3,1
"",8,"3","Reconyx","27/07/2018","2:06:52","Rattus fuscipes",3,"Exploring area","","8_3","27/07/2018 2:06:52","2018-07-27 02:06:52",1369,22.8,0.4,0,1
"",8,"3","Reconyx","27/07/2018","2:53:51","Rattus fuscipes",3,"Exploring area","","8_3","27/07/2018 2:53:51","2018-07-27 02:53:51",2819,47,0.8,0,1
"IMAG0052.AVI",8,"Cage","Scoutguard","27/07/2018","3:00:00","Rattus fuscipes",3,"Explores area around the trap","","8_Cage","27/07/2018 3:00:00","2018-07-27 03:00:00",13620,227,3.8,0.2,2
"IMAG0054.AVI",8,"Cage","Scoutguard","27/07/2018","3:10:00","Rattus fuscipes",3,"Explores area around the trap","","8_Cage","27/07/2018 3:10:00","2018-07-27 03:10:00",600,10,0.2,0,1
"IMAG0056.AVI",8,"Cage","Scoutguard","27/07/2018","3:15:00","Rattus fuscipes",3,"Explores area around the trap","","8_Cage","27/07/2018 3:15:00","2018-07-27 03:15:00",300,5,0.1,0,1
"IMAG0057.AVI",8,"Cage","Scoutguard","27/07/2018","4:44:00","Rattus fuscipes",3,"Enters trap, eats, but does not trigger mechanism","","8_Cage","27/07/2018 4:44:00","2018-07-27 04:44:00",5340,89,1.5,0.1,3
"IMAG0060.AVI",8,"Cage","Scoutguard","27/07/2018","4:50:00","Rattus fuscipes",3,"Enters trap, eats, but does not trigger mechanism","","8_Cage","27/07/2018 4:50:00","2018-07-27 04:50:00",360,6,0.1,0,2
"IMAG0062.AVI",8,"Cage","Scoutguard","27/07/2018","4:56:00","Rattus fuscipes",3,"Explores area around the trap","","8_Cage","27/07/2018 4:56:00","2018-07-27 04:56:00",360,6,0.1,0,1
"IMAG0064.AVI",8,"Cage","Scoutguard","27/07/2018","5:36:00","Rattus fuscipes",3,"Explores area around the trap","","8_Cage","27/07/2018 5:36:00","2018-07-27 05:36:00",2400,40,0.7,0,3
"IMAG0067.AVI",8,"Cage","Scoutguard","27/07/2018","5:43:00","Rattus fuscipes",3,"Enters trap, eats, but does not trigger mechanism","","8_Cage","27/07/2018 5:43:00","2018-07-27 05:43:00",420,7,0.1,0,3
"IMA00008.JPG",8,"3","Scoutguard","31/07/2019","20:13:00","Rattus fuscipes",3,"Explores area around trap","","8_3","31/07/2019 20:13:00","2019-07-31 20:13:00",31943949,532399.2,8873.3,369.7,1
"IMAG0011.AVI",8,"Cage","Scoutguard","31/07/2019","21:14:00","Rattus fuscipes",3,"Explores area around trap","","8_Cage","31/07/2019 21:14:00","2019-07-31 21:14:00",31937460,532291,8871.5,369.6,3
"IMAG0017.AVI",8,"Cage","Scoutguard","31/07/2019","21:20:00","Rattus fuscipes",3,"Enters trap, eats, but does not trigger mechanism","","8_Cage","31/07/2019 21:20:00","2019-07-31 21:20:00",360,6,0.1,0,2
"IMAG0016.JPG",8,"9","Scoutguard","31/07/2019","21:48:00","Rattus fuscipes",3,"Explores area around trap","","8_9","31/07/2019 21:48:00","2019-07-31 21:48:00",32039142,533985.7,8899.8,370.8,2
"IMAG0013.AVI",8,"Cage","Scoutguard","25/07/2018","2:05:00","Trichosurus vulpecula",3,"Entered field of view but did not inspect trap","","8_Cage","25/07/2018 2:05:00","2018-07-25 02:05:00",0,0,0,0,2
"IMAG0005.AVI",8,"Cage","Scoutguard","24/07/2018","9:12:00","Unknown bird",1,"Exploring ground around trap","","8_Cage","24/07/2018 9:12:00","2018-07-24 09:12:00",0,0,0,0,1
"IMAG0009.AVI",8,"Cage","Scoutguard","24/07/2018","9:44:00","Unknown bird",1,"Exploring ground around trap","","8_Cage","24/07/2018 9:44:00","2018-07-24 09:44:00",1920,32,0.5,0,1
"IMAG0012.AVI",8,"Cage","Scoutguard","24/07/2018","15:55:00","Unknown bird",3,"Exploring ground around trap","","8_Cage","24/07/2018 15:55:00","2018-07-24 15:55:00",22260,371,6.2,0.3,1
"",8,"9","Reconyx","25/07/2018","14:40:00","Unknown bird",1,"Edge of view","3 birds and 1 bush rat caught","8_9","25/07/2018 14:40:00","2018-07-25 14:40:00",0,0,0,0,1
"IMAG0042.AVI",8,"Cage","Scoutguard","25/07/2018","15:54:00","Unknown bird",1,"Explores area around trap","","8_Cage","25/07/2018 15:54:00","2018-07-25 15:54:00",86340,1439,24,1,1
